taxon,Locality,institution,ID,Sex,dorsal_color,ventral_color,dorsal-ventral_color_transition,ventral_tail_color,Chin_color,dorsal_scale_rows_anterior (10 ventrals in),dorsal_scale_rows_midbody,dorsal_scale_rows_posterior (5 before vent),anal_plate,ventrals,subcaudal_type,subcaudals_left,subcaudals_right,head_length,head_width,head_length-width_ratio,total_length,tail_length ,tail_total_ratio,body_width_midbody1 ,body_width_midbody2 ,body_width_midbody3 ,body_width_midbody_average,radius,circumference,anterior_chin_shield_length_left,anterior_chin_shield_width_left,posterior_chin_shield_length_left,posterior_chin_shield_width_left,intergenial_length_left,intergenial_width_left,anterior_chin_shield_length_right,anterior_chin_shield_width_right,posterior_chin_shield_length_right,posterior_chin_shield_width_right,intergenial_length_right,intergenial_width_right,temporal_scale_formula: ant+post (L | R),supraoculars (L | R),preoculars (L | R),suboculars (L | R),postoculars (L | R),supralabials (L | R),supralabials_contacts_loreal (L | R),supralabials_contact_eye (L | R),infralabials (L | R),infralabials_contact_anterior_chin_shields (L | R),infralabials_contact_posterior_chin_shields (L | R)
Hypsiscopus murphi,Upper Mainland SEA,NCSM,79036,NA (juvenile?),light purple/grey,cream/yellow; immaculate,sharp (between DSR 3 and 4 from ventrals),charcol grey mid-ventral stripe from midpoint of tail to end of tail; subcaudals clean,trimmed,19,19,15,divided,129,divided,39,39,0.04113852,0.031612903,0.004933586,1.143567362,0.143567362,0.000493359,0.032333966,0.032371917,0.031650854,0.032106262,0.016053131,0.100910816,0.012030361,0.004857685,0.008311195,0.003377609,0.003757116,0.002163188,0.011650854,0.005047438,0.009601518,0.003491461,0.004250474,0.00227704,1+2,1,1,0,2,8,2+3,4+5,9,1–4,4+5
Hypsiscopus murphi,Upper Mainland SEA,NCSM,79035,NA,light purple/grey,cream/yellow; immaculate,sharp (between DSR 3 and 4 from ventrals),charcol grey mid-ventral stripe; subcaudals clean,trimmed,19,19,15,divided,127,divided,33,34,0.052693727,0.031365314,0.006199262,1.128302583,0.128302583,0.000405904,0.031512915,0.032214022,0.032324723,0.03202952,0.01601476,0.100590406,0.015166052,0.004907749,0.009741697,0.004428044,0.004538745,0.001697417,0.015387454,0.005571956,0.011660517,0.005092251,0.006273063,0.002804428,1+2,1,1,0,2,8,2+3,4+5,10,1–5,4+5
Hypsiscopus plumbea,Coastal Mainland SEA,NCSM,98994,male (juvenile?),"charcol grey; single, black scales here and there",cream/tan; faint pigmentation at posterior edge of scales; grey blotches at anterior edge of scales on some scales,gradual,charcol grey mid-ventral stripe with bleeding pigmentation into subcaudauls,bearded,19,19,17,divided,118,divided,38,39,0.056148148,0.034,0.006111111,1.15137037,0.15137037,0.000481481,0.037740741,0.037444444,0.036481481,0.037222222,0.01862963,0.116925926,0.01262963,0.007148148,0.01137037,0.004259259,0.006,0.002518519,0.013777778,0.006481481,0.010592593,0.004148148,0.004777778,0.002555556,1+2,1,1,0,2,8,2+3,4+5,10,1–5,5+6
Hypsiscopus murphi,Upper Mainland SEA,FMNH,263721,NA,greyish/purple,cream;immaculate,sharp (between DSR 3 and 4 from ventrals),charcol grey mid-ventral stripe (starting 6 subcaudals away from the vent); subcaudals clean,trimmed,19,19,15,divided,128,divided,40,40,0.048618182,0.027454545,0.006436364,1.134472727,0.134472727,0.000436364,0.031709091,0.032581818,0.031090909,0.031781818,0.031818182,0.031563636,0.010981818,0.005781818,0.009781818,0.003781818,0.004254545,0.001709091,0.010763636,0.003709091,0.009672727,0.003090909,0.003818182,0.002145455,1+2,1,1,0,2,8,2+3,4+5,10,1–5,5+6
Hypsiscopus murphi,Upper Mainland SEA,NCSM,78626,NA (juvenile?),light purple/grey; some random charcoal grey scales and splotches,cream/yellow; immaculate,sharp (between DSR 3 and 4 from ventrals),charcol grey mid-ventral stripe; anterior-half of subcaudals clean,trimmed,19,19,15,divided,128,divided,33,33,0.051672598,0.029181495,0.006298932,1.119822064,0.119822064,0.000391459,0.032989324,0.033487544,0.033131673,0.033202847,0.016619217,0.10430605,0.012562278,0.003985765,0.009679715,0.003736655,0.005160142,0.000960854,0.013024911,0.005551601,0.009359431,0.004021352,0.00430605,0.001779359,1+2,1,1,0,1,8,2+3,4+5,10,1–5,4+5
Hypsiscopus murphi,Vietnam,ROM,25634,Juvenile?,light greyish/purple,cream;immaculate,sharp (between DSR 3 and 4 from ventrals),charcol grey mid-ventral stripe; subcaudals clean,shaved,19,19,17,divided,124,divided,36,36,0.053873239,0.036690141,0.005176056,1.121830986,0.121830986,0.000387324,0.029612676,0.029753521,0.029683099,0.029683099,0.014859155,0.093239437,0.014225352,0.006549296,0.013309859,0.005246479,0.005176056,0.004119718,0.012394366,0.006971831,0.012394366,0.004471831,0.004366197,0.003661972,1+2,1,1,0,2,8,2+3,4+5,10,1–5,5+6
Hypsiscopus murphi,Upper Mainland SEA,UF,72675,Male,greyish/purple,cream/yellow; immaculate,sharp (between DSR 3 and 4 from ventrals),charcol grey mid-ventral stripe broken/barely present; subcaudals clean,bearded/trimmed?,19,19,17,divided,122,divided,36,35,0.049929577,0.035739437,0.004929577,1.125633803,0.125633803,0.000387324,0.03028169,0.027042254,0.028661972,0.028661972,0.014330986,0.090035211,0.010246479,0.004507042,0.01028169,0.004929577,0.004647887,0.002077465,0.012112676,0.004964789,0.011302817,0.006267606,0.003028169,0.001549296,1+2,1,1,0,2,8,2+3,4+5,10,1–5,5+6
Hypsiscopus murphi,Upper Mainland SEA,NUoL,534,Male,olive greenish/grey,yellow (cream/yellow anteriorly); immaculate,sharp (between DSR 3 and 4 from ventrals),charcol grey mid-ventral stripe; subcaudals clean,trimmed,19,19,15,divided,128,divided,37,38,0.050594406,0.03506993,0.005034965,1.127972028,0.127972028,0.000384615,0.033531469,0.03465035,0.03479021,0.034335664,0.017167832,0.107832168,0.010839161,0.005524476,0.011083916,0.004685315,0.00493007,0.002762238,0.012237762,0.006083916,0.011783217,0.004755245,0.004160839,0.001958042,1+2,1,2 | 1,0,2 | 1,8,2+3,4+5,11 | 10,1–5,4+5
Hypsiscopus murphi,Upper Mainland SEA,NUoL,536,NA (juvenile?),olive greenish/grey,cream/yellow; immaculate,sharp (between DSR 3 and 4 from ventrals),charcol grey mid-ventral stripe starting at subcaudal pair 4 from vent; subcaudals clean,trimmed,19,19,15,divided,127,divided,32,31,0.056075085,0.031331058,0.006109215,1.12443686,0.12443686,0.000375427,0.024982935,0.024982935,0.02443686,0.024812287,0.012389078,0.077918089,0.013720137,0.005767918,0.01109215,0.003959044,0.004266212,0.002286689,0.012798635,0.006177474,0.010409556,0.005051195,0.004334471,0.002320819,1+2,1,1,0,2,8,2+3,4+5,10,1–4,5+6
Hypsiscopus murphi,Vietnam,ROM,32378,male,dark/charcoal grey,cream;immaculate,sharp (between DSR 3 and 4 from ventrals) (but some a tiny bit of bleeding into the light colored lateral scales),charcol grey mid-ventral stripe; a bit choppy though (not continuous); subcaudals are more clean but still have SOME bleeding between the anterior and posterior parts of the subcaudals,lightly bearded? (but more pigmentation on ventral parts of the infralabials),19,19,15,divided,127,divided,37,37,0.050869965,0.034696449,0.005005278,1.130443665,0.130443665,0.000408594,0.037624706,0.03735231,0.037182063,0.03738636,0.01869318,0.117436753,0.015152031,0.005754367,0.013381457,0.005277674,0.005413872,0.001498178,0.014232694,0.005447921,0.012155674,0.004732882,0.004596684,0.00204297,1+2,1,1,0,2,8,2+3,4+5,10,1–5,5+6
Hypsiscopus murphi,Vietnam,ROM,35779,Juvenile,light greyish/purple,cream; very faint spot on middle of anterior edge of most ventrals; these are mor prominent and look more like halfmoons closer to the cloaca,sharpish; some bleeding of darker pigmentation into lighter pigmentation (between DSR 3 and 4 from ventrals),charcol grey mid-ventral stripe; subcaudals clean,trimmed,19,19,15,divided,128,divided,39,39,0.050237288,0.032508475,0.005254237,1.129864407,0.129864407,0.000372881,0.035186441,0.035118644,0.036305085,0.035525424,0.017762712,0.111627119,0.011355932,0.005118644,0.009322034,0.004338983,0.003898305,0.002542373,0.009288136,0.005661017,0.010881356,0.005288136,0.003661017,0.002440678,1+2,1,1,0,2,8,2+3,4+5,10,1–5,5+6
Hypsiscopus murphi,Upper Mainland SEA,NCSM,86536,NA (juvenile?),"purple/grey (not charcoal, but not as light as the adults)",cream/yellow; immaculate,sharp (between DSR 3 and 4 from ventrals),charcol grey mid-ventral stripe; subcaudals clean,trimmed,19,19,15,divided,127,divided,35,34,0.049335548,0.029833887,0.005481728,1.121993355,0.121993355,0.000365449,0.028704319,0.028604651,0.028305648,0.028538206,0.014285714,0.089667774,0.010730897,0.00538206,0.009368771,0.003986711,0.005282392,0.002093023,0.010996678,0.006179402,0.009900332,0.003953488,0.00461794,0.00269103,1+2,1,1,0,2,8,2+3,4+5,10,1–5,5+6
Hypsiscopus murphi,Upper Mainland SEA,NCSM,85491,Female,light purple/grey,cream/yellow; immaculate,sharp (between DSR 3 and 4 from ventrals),charcol grey mid-ventral stripe; subcaudals clean,trimmed,19,19,15,divided,127,divided,36,36,0.055466667,0.0312,0.005933333,1.126633333,0.126633333,0.000366667,0.0279,0.027533333,0.0281,0.027833333,0.013933333,0.087466667,0.013266667,0.0052,0.0112,0.004533333,0.0049,0.002133333,0.012933333,0.004166667,0.012133333,0.004766667,0.0055,0.001833333,1+2,1,1,0,2,8,2+3,4+5,10,1–5,4+5
Hypsiscopus murphi,Taiwan,AMNH,76125,NA,greyish/purple,light yellow/creamish; faint pigmentation at posterior edge of scales; faint half moon on anterior part of some ventrals,gradual (DSR 3 from ventrals is more dark than light),charcol grey mid-ventral stripe; subcaudals clean,trimmed,19,19,17,divided,126,divided,36,36,0.062040816,0.035102041,0.006020408,1.162312925,0.162312925,0.00047619,0.038401361,0.038537415,0.039353741,0.03877551,0.019387755,0.121768707,0.012278912,0.005034014,0.010170068,0.004557823,0.007142857,0.002040816,0.011802721,0.004183673,0.01207483,0.004727891,0.005510204,0.002040816,1+2,1,2 | 1,0,2,8,2+3,4+5,10,1–5,5+6
Hypsiscopus murphi,Upper Mainland SEA,NCSM,76557,Female,light purple/grey,cream/yellow; immaculate,sharp (between DSR 3 and 4 from ventrals),charcol grey mid-ventral stripe; subcaudals clean,trimmed,19,19,15,divided,129,divided,33,32,0.058929134,0.037543307,0.004944882,1.11111811,0.11111811,0.000314961,0.034299213,0.034519685,0.034330709,0.034393701,0.01719685,0.108031496,0.01319685,0.006173228,0.010708661,0.004094488,0.005858268,0.00280315,0.012503937,0.004850394,0.011905512,0.004944882,0.00592126,0.002614173,1+2,1,1,0,2,8,2+3,4+5,10,1–5,5+6
Hypsiscopus murphi,Upper Mainland SEA,NUoL,537,Female,olive greenish/grey,cream/yellow; immaculate,sharp (between DSR 3 and 4 from ventrals),charcol grey mid-ventral stripe; subcaudals clean,trimmed,19,19,15,divided,128,divided,33,32,0.054456693,0.032503937,0.005291339,1.114393701,0.114393701,0.000314961,0.041354331,0.04311811,0.042488189,0.042330709,0.021165354,0.132944882,0.01511811,0.003748031,0.009448819,0.005889764,0.006614173,0.002488189,0.012944882,0.005700787,0.01007874,0.005385827,0.005102362,0.002362205,1+2,1,1,0,2,8,2+3,4+5,10,1–5,4+5
Hypsiscopus murphi,Upper Mainland SEA,NCSM,85490,Male,light purple/grey,cream/faint orange; immaculate,sharp (between DSR 3 and 4 from ventrals),charcol grey mid-ventral stripe starting at subcaudal pair 12 from vent; subcaudals clean,trimmed,19,19,15,divided,125,divided,41,41,0.047258065,0.029516129,0.00516129,1.148129032,0.148129032,0.000419355,0.032322581,0.032322581,0.032612903,0.032419355,0.016225806,0.10183871,0.01216129,0.005516129,0.009903226,0.004548387,0.003612903,0.001903226,0.011967742,0.005709677,0.009612903,0.004870968,0.004032258,0.003129032,1+2,1,1,0,2,8,2+3,4+5,10,1–5,4+5
Hypsiscopus murphi,East of Red River [China],AMNH,33905,Female?,greyish/purple,yellow; faint pigmentation at posterior edge of scales; faint half moon on anterior part of posterior ventrals,gradual (DSR 4 from ventrals is more dark than light),charcol grey mid-ventral stripe; subcaudals clean,trimmed,19,19,17,divided,128,divided,34,34,0.050173228,0.034173228,0.004629921,1.128566929,0.128566929,0.000346457,0.035653543,0.036440945,0.035496063,0.035874016,0.01792126,0.112661417,0.011023622,0.006047244,0.010897638,0.004818898,0.00623622,0.003338583,0.009543307,0.005637795,0.011905512,0.005669291,0.004314961,0.002393701,1+2,1,1,0,2,8,2+3,4+5,10,1–5,5+6
Hypsiscopus murphi,Vietnam,ROM,25391,male,dark/charcoal grey,cream;immaculate,sharp (between DSR 3 and 4 from ventrals),charcol grey mid-ventral stripe; subcaudals clean (starts about 4 subcaudals from the vent),trimmed,19,19,17,divided,126,divided,37,38,0.048253968,0.029936508,0.005111111,1.14168254,0.14168254,0.000380952,0.032571429,0.03247619,0.032412698,0.03247619,0.016253968,0.102063492,0.013206349,0.013365079,0.004825397,0.00352381,0.005174603,0.001396825,0.01247619,0.00431746,0.012571429,0.004031746,0.004825397,0.001365079,1+2,1,1,0,2,8,2+3,4+5,10,1–5,5+6
Hypsiscopus plumbea,Sumatra,MCZ,37774,NA,light purple/grey; charcoal grey spots down anterior half of vertebral scales,cream/yellow; immaculate,"sharp, but some blending (between DSR 2 and 3 from ventrals); scale row 3 from ventrals are darker than surrounding rows making a lateral stripe on each side",charcol grey mid-ventral stripe; subcaudals clean,trimmed,19,19,17,divided,118,divided,34,35,0.063442623,0.037081967,0.005606557,1.18347541,0.18347541,0.00052459,0.045081967,0.045901639,0.045737705,0.04557377,0.022786885,0.143180328,0.016,0.006,0.014491803,0.006590164,0.004655738,0.002885246,0.014032787,0.005868852,0.014,0.005540984,0.004557377,0.001901639,1+2,1,1,0,2,8,2+3,4+5,8 | 9,1–5,5+6 | 4+5
Hypsiscopus murphi,Taiwan,UF,13227-7,NA,greyish/purple,yellowish; faint pigmentation at posterior edge of scales; faint half moon on anterior part of some ventrals,gradual (DSR 3 from ventrals is more dark than light),charcol grey mid-ventral stripe; subcaudals clean,trimmed,19,19,16,divided,125,divided,34,35,0.058322785,0.03556962,0.005189873,1.150632911,0.150632911,0.000411392,0.037721519,0.037911392,0.038386076,0.038006329,0.019018987,0.119398734,0.011993671,0.006550633,0.015981013,0.006044304,0.009683544,0.002689873,0.014082278,0.006170886,0.014905063,0.005031646,0.005632911,0.00306962,1+2 | 1+3,1,1,0,2,8,2+3,4+5,10,1–5,5+6
Hypsiscopus murphi,Taiwan,UF,13231-3,NA,light greyish/purple,yellowish; faint pigmentation at posterior edge of scales; faint half moon on anterior part of ventrals,gradual (DSR 3 from ventrals is more dark than light),charcol grey mid-ventral stripe; subcaudals clean,trimmed,19,19,17,divided,126,divided,36,35,0.054797508,0.04211838,0.004049844,1.137476636,0.137476636,0.000373832,0.044672897,0.044610592,0.044672897,0.044641745,0.022336449,0.140280374,0.011775701,0.006137072,0.011214953,0.005202492,0.006105919,0.002772586,0.00953271,0.006791277,0.010280374,0.005358255,0.005202492,0.00364486,1+1 | 1+2,1,1,0,2,8,1+2+3,4+5,10,1–5,5+6
Hypsiscopus murphi,East of Red River [China],AMNH,33903,Male,charcoalish grey,yellow (mustard); faint pigmentation at posterior edge of scales; grey blotches at anterior edge of scales on some scales; half moon on anterior part of ventrals 23 ventrals away from vent,gradual (DSR 3 from ventrals is more dark than light),charcol grey mid-ventral stripe; subcaudals clean,trimmed,19,19,17,divided,127,divided,39,40,0.045482866,0.028442368,0.004984424,1.139688474,0.139688474,0.000373832,0.030903427,0.03211838,0.03165109,0.031557632,0.015794393,0.099127726,0.011028037,0.005327103,0.010249221,0.005109034,0.004953271,0.002429907,0.011121495,0.00588785,0.01,0.00517134,0.00411215,0.002866044,1+2,1,1,0,2,8,2+3,4+5,10,1–5,4+5
Hypsiscopus murphi,Upper Mainland SEA,NCSM,78627,Female,light purple/grey,cream; immaculate,sharp (between DSR 2 and 3 from ventrals),charcol grey mid-ventral stripe starting at subcaudal pair 5 from vent; subcaudals clean,trimmed,19,19,15,divided,130,divided,34,35,0.053527607,0.030613497,0.005368098,1.122361963,0.122361963,0.000337423,0.029693252,0.029417178,0.029785276,0.029631902,0.014815951,0.09309816,0.009631902,0.004110429,0.010736196,0.003588957,0.004877301,0.002668712,0.011503067,0.005644172,0.009969325,0.003711656,0.004294479,0.002269939,1+2,1,1,0,2,8,2+3,4+5,10,1–5,4+5
Hypsiscopus murphi,Vietnam,ROM,32386,NA,light greyish/purple,cream;immaculate,sharp (between DSR 3 and 4 from ventrals),charcol grey mid-ventral stripe; a bit choppy though (not continuous); subcaudals clean (starts about 6 subcaudals from the vent),trimmed,19,19,15,divided,132,divided,33,33,0.043783784,0.033723724,0.003903904,1.102012012,0.102012012,0.00027027,0.031831832,0.032462462,0.031111111,0.031801802,0.015915916,0.09990991,0.012882883,0.005465465,0.013303303,0.003843844,0.004744745,0.002972973,0.011801802,0.004954955,0.011501502,0.005165165,0.004834835,0.002192192,1+2,1,1,0,2,8,2+3,4+5,10,1–5,5+6
Hypsiscopus plumbea,Upper Mainland SEA,FMNH,263709,male,"greyish/purpleish (not as distinct as Sumatra and Java, but there are some dark scales near the head that make a dorsolateral stripe)",cream;immaculate,"sharp but kind of gradual anterior edge of DSR 3 has charcoal grey); not as prominent, but some darker coloration on the DSR 4 makes a lateral stripe, but not as visible as Java and Sumatra specimens)",charcol grey mid-ventral stripe (starting 6 subcaudals away from the vent); subcaudals clean,trimmed,19,19,17,divided,113,divided,39,40,0.05483871,0.033612903,0.005258065,1.183870968,0.183870968,0.002096774,0.032645161,0.033935484,0.035709677,0.034096774,0.034580645,0.034806452,0.012548387,0.005225806,0.009645161,0.004064516,0.005548387,0.001709677,0.012935484,0.005258065,0.010451613,0.003870968,0.003741935,0.001870968,1+2 | 2+2,1,1,0,2,8,3,4,10,1–6 | 1–5,6 | 5+6
Hypsiscopus murphi,Upper Mainland SEA,FMNH,263704,male,light greyish/purple,cream;immaculate,sharp (between DSR 3 and 4 from ventrals),charcol grey mid-ventral stripe (starting at subcaudals 6 from vent); subcaudals clean,trimmed,19,19,15,divided,127,divided,39,39,0.043834356,0.026380368,0.005092025,1.12892638,0.12892638,0.000337423,0.036472393,0.036257669,0.036349693,0.036349693,0.036319018,0.036349693,0.011042945,0.004386503,0.010276074,0.004570552,0.00392638,0.00107362,0.010122699,0.004447853,0.009110429,0.003742331,0.002791411,0.002055215,1+2,1,1,0,2,8,2+3,4+5,10,1–5,5+6
Hypsiscopus murphi,Upper Mainland SEA,FMNH,263714,NA,light greyish/purple,cream;immaculate,"sharp (between DSR 3 and 4 from ventrals; tiny bit of bleeding on anterior edge or DSR 1,2,3)",charcol grey mid-ventral stripe; subcaudals clean,trimmed,19,19,15,divided,124,divided,33,33,0.055484848,0.032727273,0.005151515,1.11669697,0.11669697,0.00030303,0.032515152,0.032363636,0.032515152,0.032454545,0.032454545,0.032484848,0.013545455,0.004636364,0.010121212,0.004242424,0.004484848,0.001212121,0.010878788,0.003727273,0.01069697,0.003909091,0.004060606,0.00130303,1+2,1,1,0,2,8,2+3,4+5,10,1–5,5+6
Hypsiscopus plumbea,Lower Mainland SEA,FMNH,250123,NA,tan/brownish/purpleish,cream;immaculate,"sharp, but some blending (between DSR 3 and 4 from ventrals); scale row 3 from ventrals are darker than surrounding rows making a lateral stripe on each side",charcol grey mid-ventral stripe; subcaudals clean,trimmed,19,19,17,divided,123,divided,38,38,0.051909091,0.032969697,0.004757576,1.134727273,0.134727273,0.000363636,0.032787879,0.032545455,0.031939394,0.032424242,0.016212121,0.101878788,0.014181818,0.005090909,0.010909091,0.003515152,0.005151515,0.001909091,0.013090909,0.003909091,0.011,0.003515152,0.005424242,0.001393939,1+2,1,1,0,2,8,2+3,4+5,10,1–5,5+6
Hypsiscopus murphi,Vietnam,ROM,32393,NA,light greyish/purple,cream;immaculate,sharp (between DSR 3 and 4 from ventrals),charcol grey mid-ventral stripe; subcaudals clean ,trimmed,19,19,15,divided,134,divided,39,39,0.048962406,0.029443609,0.004992481,1.134315789,0.134315789,0.000360902,0.035278195,0.035699248,0.036240602,0.035729323,0.017864662,0.112270677,0.012090226,0.00562406,0.010285714,0.004631579,0.005503759,0.002556391,0.010616541,0.005443609,0.010556391,0.004090226,0.004691729,0.002496241,1+2,1,1,0,2,8,2+3,4+5,10 | 11,1–5 | 1–6,5+6 | 6+7
Hypsiscopus murphi,East of Red River [China],AMNH,33908,Female?,greyish/purple,yellowish; faint pigmentation at posterior edge of scales; faint half moon on anterior part of ventrals,gradual (DSR 3 from ventrals is more dark than light),charcol grey mid-ventral stripe; subcaudals clean,trimmed,19,19,17,divided,127,divided,34,34,0.050029586,0.02964497,0.005,1.120680473,0.120680473,0.000325444,0.036538462,0.036715976,0.03704142,0.036775148,0.018372781,0.115502959,0.011183432,0.005029586,0.012366864,0.006272189,0.005,0.002278107,0.010828402,0.005177515,0.012366864,0.005029586,0.005295858,0.002485207,1+2,1,1,0,2,8,2+3,4+5,10,1–5,5+6
Hypsiscopus murphi,Taiwan,UF,13228-1,Male,greyish/purple,yellowish; faint pigmentation at posterior edge of scales; faint half moon on anterior part of ventrals,gradual (DSR 4 from ventrals is more dark than light); scale row 3-4 from ventrals are a bit darker than surrounding rows making a lateral stripe on each side,charcol grey mid-ventral stripe; subcaudals clean,trimmed,19,19,17,divided,126,divided,34,35,0.05277037,0.034992593,0.004474074,1.13442963,0.13442963,0.000355556,0.031585185,0.031940741,0.031555556,0.031703704,0.015851852,0.099555556,0.010518519,0.005985185,0.010251852,0.004740741,0.006874074,0.003348148,0.010488889,0.005896296,0.010725926,0.0048,0.005066667,0.002903704,1+2,1,1,0,2,8,1+2+3,4+5,10,1–5,5+6
Hypsiscopus plumbea,Upper Mainland SEA,FMNH,263706,NA,greyish/purple,cream;immaculate,"sharp (between DSR 3 and 4 from ventrals; tiny bit of bleeding, but barely)",charcol grey mid-ventral stripe (starting 6 subcaudals away from the vent); subcaudals clean,trimmed,19,19,17,divided,118,divided,38,39,0.050982143,0.032886905,0.004613095,1.139910714,0.139910714,0.000357143,0.042708333,0.044315476,0.043452381,0.043482143,0.04375,0.043571429,0.011458333,0.00577381,0.010952381,0.004077381,0.002797619,0.001994048,0.011607143,0.004702381,0.010446429,0.004285714,0.002886905,0.002678571,1+2,1,1,0,2,8,2+3,4+5,10,1–5,5+6
Hypsiscopus murphi,Upper Mainland SEA,UF,72677,Female?,greyish/purple,cream;immaculate,sharp (between DSR 2 and 3 from ventrals),charcol grey mid-ventral stripe broken in some spots; subcaudals clean,bearded/trimmed?,19,19,15,divided,125,divided,33,32,0.053391557,0.033886463,0.004599709,1.115487627,0.115487627,0.000291121,0.032983988,0.032110626,0.033129549,0.032751092,0.01636099,0.102852984,0.011732169,0.004541485,0.009344978,0.003173217,0.00558952,0.00279476,0.010917031,0.004978166,0.01062591,0.00489083,0.003784571,0.002183406,1+2,1,1,0,2,8,2+3,4+5,10 | 8,1–5,5+6
Hypsiscopus murphi,Mainland SEA,UF,61113,NA,greyish/purple,cream;immaculate,sharp (between DSR 3 and 4 from ventrals),charcol grey mid-ventral stripe; subcaudals clean,trimmed,19,19,15,divided,124,divided,31,32,0.047362319,0.02484058,0.005536232,1.117362319,0.117362319,0.000318841,0.028463768,0.028028986,0.028405797,0.028289855,0.014144928,0.088898551,0.011217391,0.005449275,0.006956522,0.004289855,0.003391304,0.001623188,0.010637681,0.004086957,0.011304348,0.005507246,0.003594203,0.002173913,1+2 | 1+1,1,1,0,2,8,2+3,4+5,10,1–5,5+6
Hypsiscopus murphi,Upper Mainland SEA,FMNH,263712,NA,light greyish/purple,cream;immaculate,sharp (between DSR 3 and 4 from ventrals),charcol grey mid-ventral stripe; subcaudals clean,trimmed,19,19,17,divided,123,divided,31,31,0.054584527,0.03226361,0.004842407,1.128939828,0.128939828,0.000315186,0.031661891,0.031088825,0.032005731,0.031575931,0.031547278,0.031719198,0.013438395,0.005100287,0.009856734,0.002951289,0.004756447,0.001174785,0.011661891,0.004498567,0.009770774,0.003925501,0.003810888,0.000916905,1+2,1,1,0,2,8,2+3,4+5,9,1–5,5
Hypsiscopus plumbea,Borneo,MCZ,22653,Female?,light purple/grey,cream/yellow; immaculate,"sharp, but some blending (between DSR 1 and 2 from ventrals)",charcol grey mid-ventral stripe; subcaudals clean,trimmed,19,19,17,divided,113,divided,32,33,0.062409289,0.043193033,0.004179971,1.154949202,0.154949202,0.000377358,0.034571843,0.034397678,0.033875181,0.034281567,0.017155298,0.107692308,0.013671988,0.008040639,0.012017417,0.006298984,0.005079826,0.004992743,0.01425254,0.007314949,0.012278665,0.005776488,0.005689405,0.003628447,1+2,1,1,0,2,8,2+3,4+5,10,1–5,4+5
Hypsiscopus murphi,Vietnam,ROM,32376,NA,charcoal grey,yellow/goal;immaculate,sharp (between DSR 3 and 4 from ventrals) (but some a tiny bit of bleeding into the light colored lateral scales),charcol grey mid-ventral stripe; a bit choppy though (not continuous); subcaudals clean,trimmed,19,19,16,divided,126,divided,37,38,0.040197183,0.027126761,0.004169014,1.123746479,0.123746479,0.000309859,0.030507042,0.030816901,0.031126761,0.030816901,0.015408451,0.096816901,0.018619718,0.005492958,0.010929577,0.004,0.004535211,0.001971831,0.011323944,0.005211268,0.012507042,0.004,0.005239437,0.001802817,1+2,1,1,0,2,8,2+3,4+5,10,1–5,5+6
Hypsiscopus murphi,Taiwan,UF,13229-5,NA,light greyish/purple,yellowish; very little to no pigmentation at posterior edge of scales; faint half moon on anterior part of some ventrals,gradualish/sharpish (DSR 3 from ventrals is more dark than light),charcol grey mid-ventral stripe; subcaudals clean,trimmed,19,19,15,divided,125,divided,33,33,0.054033613,0.039019608,0.003865546,1.122212885,0.122212885,0.000308123,0.037338936,0.037170868,0.036722689,0.037086835,0.018543417,0.116470588,0.012240896,0.006722689,0.011764706,0.00535014,0.006554622,0.002296919,0.010728291,0.006078431,0.011904762,0.005322129,0.004985994,0.00254902,1+2,1,1,0,2,8,1+2+3,4+5,10,1–5,5+6
Hypsiscopus murphi,Upper Mainland SEA,FMNH,263723,NA,greyish/purple,cream;immaculate,sharp (between DSR 3 and 4 from ventrals),charcol grey mid-ventral stripe (starting 6 subcaudals away from the vent); subcaudals clean,trimmed,19,19,16,divided,124,divided,33,33,0.047827298,0.030111421,0.004428969,1.117966574,0.117966574,0.000306407,0.03356546,0.033871866,0.035766017,0.034401114,0.034679666,0.034958217,0.01091922,0.008467967,0.009526462,0.004317549,0.004874652,0.001922006,0.009415042,0.004233983,0.009498607,0.004038997,0.004930362,0.002061281,1+2,1,1,0,2,8,2+3,4+5,10,1–5,5+6
Hypsiscopus murphi,Taiwan,AMNH,84480,NA,greyish/purple,light yellow/creamish; faint pigmentation at posterior edge of scales; faint half moon on anterior part of some ventrals,gradual (DSR 3 from ventrals is more dark than light),charcol grey mid-ventral stripe; subcaudals clean,trimmed,19,19,15,divided,127,divided,41,40,0.046676136,0.030085227,0.004403409,1.144232955,0.144232955,0.000369318,0.034119318,0.033181818,0.033380682,0.033551136,0.016789773,0.105426136,0.009403409,0.005568182,0.0084375,0.003551136,0.007784091,0.001875,0.009914773,0.006477273,0.008380682,0.005255682,0.004744318,0.002244318,1+2,1,1,0,2,8,2+3,4+5,10,1–5,5+6
Hypsiscopus murphi,Upper Mainland SEA,NCSM,85517,Female,"light purple/grey; single, charcoal grey blotches here and there",cream; immaculate,sharp (between DSR 3 and 4 from ventrals),charcol grey mid-ventral stripe; subcaudals clean,trimmed,19,19,15,divided,122,divided,34,34,0.054222222,0.031694444,0.00475,1.132638889,0.132638889,0.000333333,0.035583333,0.035805556,0.034472222,0.035277778,0.017638889,0.110861111,0.010833333,0.003472222,0.010083333,0.004083333,0.004638889,0.001722222,0.012138889,0.003305556,0.010027778,0.004361111,0.004444444,0.001138889,1+2,1,1,0,2,8,2+3,4+5,10,1–5,5+6
Hypsiscopus murphi,Vietnam,ROM,30933,female (gravid),greyish/purple,cream/yellowish; consistent halfmoon grey pigmentation at middle of anterior edge of scales; grey pigmentation along all anterior edge of scales,gradual,charcol grey mid-ventral stripe; clean(ish) with some bleeding pigmentation into subcaudauls,trimmed,19,19,17,divided,126,divided,28,29,0.050410959,0.028109589,0.00490411,1.120547945,0.120547945,0.00030137,0.03969863,0.040410959,0.040136986,0.040082192,0.020054795,0.125917808,0.011205479,0.007945205,0.009780822,0.00369863,0.003479452,0.002054795,0.011205479,0.006273973,0.009972603,0.005178082,0.00309589,0.002109589,1+2,1,1,0,2,8,2+3,4+5,10,1–5,5+6
Hypsiscopus murphi,Upper Mainland SEA,NCSM,85493,Female,light purple/grey,cream/yellow; immaculate,"sharp, but some blending (between DSR 3 and 4 from ventrals)",charcol grey mid-ventral stripe starting at subcaudal pair 5 from vent; subcaudals clean,trimmed,19,19,15,divided,127,divided,35,35,0.051266846,0.03,0.004609164,1.110889488,0.110889488,0.000269542,0.037924528,0.038113208,0.03819407,0.038086253,0.01902965,0.119622642,0.01097035,0.005390836,0.008948787,0.004016173,0.004716981,0.001239892,0.010673854,0.005579515,0.010107817,0.00490566,0.004043127,0.001967655,1+2,1,1,0,2,8,2+3,4+5,10,1–5,4+5
Hypsiscopus murphi,Upper Mainland SEA,NCSM,79037,NA,light purple/grey,cream/yellow; immaculate,sharp (between DSR 3 and 4 from ventrals),charcol grey mid-ventral stripe starting at subcaudal pair 4 from vent; subcaudals clean,trimmed,19,19,15,divided,126,divided,33,34,0.036380697,0.026300268,0.003699732,1.111179625,0.111179625,0.000268097,0.03386059,0.034182306,0.032520107,0.033512064,0.016756032,0.105308311,0.009678284,0.003592493,0.010080429,0.003431635,0.003297587,0.001903485,0.009410188,0.003780161,0.010455764,0.003136729,0.002412869,0.001018767,1+2,1,1,0,2,8 | 9,2+3,4+5,10,1–5,4+5
Hypsiscopus murphi,East of Red River [China],AMNH,33911,Male,olive greenish/grey; some random scales more olive green,yellow (mustard); faint pigmentation at posterior edge of scales; faint half moon on anterior part of ventrals,gradual (DSR 3 from ventrals is more dark than light),charcol grey mid-ventral stripe; subcaudals clean,trimmed,19,19,17,divided,126,divided,32,32,0.053557047,0.036590604,0.003919463,1.114040268,0.114040268,0.000268456,0.035865772,0.036456376,0.035946309,0.036080537,0.018040268,0.113369128,0.012,0.006120805,0.012590604,0.005691275,0.006040268,0.035704698,0.011489933,0.006040268,0.012134228,0.004939597,0.005637584,0.003543624,1+2,1,1,0,2,8,2+3,4+5,10,1–5,5+6
Hypsiscopus murphi,Taiwan,AMNH,83972,NA,greyish/purple,light yellow/creamish; faint pigmentation at posterior edge of scales; faint half moon on anterior part of some ventrals,gradual (DSR 4 from ventrals is more dark than light),charcol grey mid-ventral stripe; subcaudals clean,trimmed,19,19,17,divided,123,divided,37,36,0.055835616,0.033726027,0.004547945,1.141013699,0.141013699,0.000328767,0.036821918,0.036410959,0.035972603,0.036410959,0.018191781,0.114356164,0.010821918,0.006109589,0.00890411,0.004575342,0.005369863,0.002465753,0.009835616,0.005452055,0.00939726,0.004849315,0.004657534,0.002712329,1+2,1,1,0,2,8,2+3,4+5,10,1–5,5+6
Hypsiscopus murphi,Upper Mainland SEA,FMNH,250124,NA,light greyish/purple,cream;immaculate,sharp (between DSR 3 and 4 from ventrals),charcol grey mid-ventral stripe; subcaudals clean,trimmed,19,19,15,divided,126,divided,39,39,0.040421053,0.024131579,0.004421053,1.118421053,0.118421053,0.000289474,0.019526316,0.019315789,0.019263158,0.019368421,0.009684211,0.060842105,0.009973684,0.004736842,0.009210526,0.002631579,0.003342105,0.001578947,0.009342105,0.004184211,0.008789474,0.002631579,0.003921053,0.001394737,1+2,1,1,0,2,8,2+3,4+5,10,1–5,5+6
Hypsiscopus plumbea,Upper Mainland SEA,FMNH,263711,female?,greyish/purple,cream;immaculate,"sharp but kind of gradual anterior edge of DSR 1,2,3 have charcoal grey)",charcol grey mid-ventral stripe (starting 4 subcaudals away from the vent); subcaudals clean,trimmed,19,19,17,divided,116,divided,37,38,0.05542328,0.035396825,0.004153439,1.131111111,0.131111111,0.00031746,0.037539683,0.038915344,0.038465608,0.038306878,0.038571429,0.038439153,0.008439153,0.007566138,0.010132275,0.004047619,0.005634921,0.002830688,0.010873016,0.00505291,0.012328042,0.004867725,0.005873016,0.003068783,1+2,1,1,0,2,8,2+3,4,10,1–5,5+6
Hypsiscopus murphi,Taiwan,AMNH,84481,NA,greyish/purple,light yellow/creamish; faint pigmentation at posterior edge of scales; faint half moon on anterior part of some ventrals,gradual (DSR 3 from ventrals is more dark than light),charcol grey mid-ventral stripe; subcaudals clean,trimmed,19,19,17,divided,129,divided,38,40,0.048364116,0.030026385,0.004248021,1.12817942,0.12817942,0.000290237,0.035778364,0.035989446,0.035778364,0.03585752,0.017915567,0.112612137,0.011530343,0.006358839,0.009656992,0.004617414,0.00530343,0.003245383,0.010686016,0.005699208,0.009973615,0.005171504,0.004353562,0.002823219,1+2,1,1,0,2,8,2+3,4+5,10,1–5,5+6
Hypsiscopus murphi,Upper Mainland SEA,FMNH,262422,NA,greyish/olive; random dark grey scales ,cream;immaculate,sharp (between DSR 3 and 4 from ventrals),charcol grey mid-ventral stripe (6 subcauadls from vent; stripe is a bit scattered); subcaudals clean,trimmed,19,19,15,divided,127,divided,36,36,0.053076923,0.033794872,0.004025641,1.123794872,0.123794872,0.000282051,0.038410256,0.037948718,0.038615385,0.038333333,0.038307692,0.038410256,0.011871795,0.005205128,0.011076923,0.004410256,0.003666667,0.001923077,0.010692308,0.005384615,0.011128205,0.004846154,0.005871795,0.001641026,1+2,1,1,0,2,8,2+3,4+5,10,1–5,5+6
Hypsiscopus murphi,Vietnam,ROM,25638,female?,light greyish/purple,cream; very faint spot on middle of anterior edge of most ventrals; these are mor prominent and look more like halfmoons closer to the cloaca,sharpish; some bleeding of darker pigmentation into lighter pigmentation (between DSR 3 and 4 from ventrals); the transition point has some darker coloration making the appearnace of a lateral stripe on each side,charcol grey mid-ventral stripe; subcaudals clean but towards tail tip there is some bleeding,trimmed,19,19,17,divided,126,divided,34,34,0.044759494,0.029189873,0.003873418,1.119265823,0.119265823,0.000278481,0.030101266,0.030481013,0.030506329,0.03035443,0.015189873,0.095392405,0.01156962,0.005848101,0.011974684,0.003443038,0.00556962,0.002759494,0.011341772,0.005341772,0.010886076,0.003620253,0.004632911,0.002151899,1+2,1,1,0,2,8,2+3,4+5,10 | 9,1–5,5+6 | 5
Hypsiscopus plumbea,Upper Mainland SEA,FMNH,263730,male,greyish/purple,yellow;immaculate,"sharp but kind of gradual anterior edge of DSR 1,2 have charcoal grey); not as prominent, but some darker coloration on the DSR 4 makes a lateral stripe, but not as visible as Java and Sumatra specimens)",charcol grey mid-ventral stripe (starting 4 subcaudals away from the vent); subcaudals clean,trimmed,19,19,17,divided,119,divided,36,35,0.049795396,0.030230179,0.004219949,1.137749361,0.137749361,0.000306905,0.046138107,0.046214834,0.046803069,0.046393862,0.046470588,0.046547315,0.010997442,0.00455243,0.009565217,0.004040921,0.005038363,0.002276215,0.010869565,0.005319693,0.010690537,0.004066496,0.00488491,0.001560102,1+2,1,1,0,2,8,2+3,4 | 4+5,10,1–5,5+6
Hypsiscopus murphi,Taiwan,AMNH,83973,NA,greyish/purple,yellowish; faint pigmentation at posterior edge of scales; faint half moon on anterior part of ventrals,gradual (DSR 3 from ventrals is more dark than light),charcol grey mid-ventral stripe; subcaudals clean,trimmed,19,19,17,divided,124,divided,31,31,0.051125,0.0393,0.00325,1.115725,0.115725,0.00025,0.0329,0.033,0.03285,0.032925,0.01645,0.1034,0.010025,0.006575,0.0109,0.005475,0.0056,0.003875,0.010575,0.0061,0.011475,0.0052,0.0069,0.003,1+2,1,1,0,2,8,2+3,4+5,10,1–5,5+6
Hypsiscopus murphi,East of Red River [China],AMNH,33909,NA,greyish/purple,yellow; faint pigmentation at posterior edge of scales; faint half moon on anterior part of most ventrals,gradual (DSR 3 from ventrals is more dark than light),charcol grey mid-ventral stripe; subcaudals clean,trimmed,19,19,17,divided,126,divided,33,33,0.051251549,0.034076828,0.003717472,1.107980173,0.107980173,0.000247831,0.030557621,0.032143742,0.031449814,0.031375465,0.015687732,0.098587361,0.011053284,0.005972739,0.012515489,0.005898389,0.007261462,0.002701363,0.010136307,0.006369269,0.011598513,0.006270136,0.004436183,0.002899628,1+2,1,1,0,2,8,2+3,4+5,10,1–5,5+6
Hypsiscopus murphi,Upper Mainland SEA,FMNH,262423,NA,greyish/grey,cream;immaculate,sharp (between DSR 3 and 4 from ventrals; tiny bit of bleeding),charcol grey mid-ventral stripe; subcaudals clean,trimmed,19,19,15,divided,131,divided,37,36,0.050525,0.03305,0.003825,1.119475,0.119475,0.000275,0.036425,0.036275,0.03535,0.036025,0.035875,0.03575,0.011575,0.005325,0.010025,0.00385,0.003625,0.001875,0.011025,0.004375,0.00845,0.004275,0.00335,0.00175,1+2,1,1,0,2,8,2+3,4+5,10,1–5,5+6
Hypsiscopus murphi,Vietnam,ROM,30818,female (gravid),dark greyish/purple; anterior edges of scales are darker in pigmentation,cream/yellowish; consistent halfmoon grey pigmentation at middle of anterior edge of scales; grey pigmentation along all anterior edge of scales,gradual,charcol grey mid-ventral stripe; clean(ish) with some bleeding pigmentation into subcaudauls,trimmed,19,17,19,divided,125,divided,32,32,0.046832918,0.029027431,0.004014963,1.117157107,0.117157107,0.000249377,0.033266833,0.034114713,0.033441397,0.03361596,0.01680798,0.105586035,0.012044888,0.005610973,0.010349127,0.004763092,0.005187032,0.002518703,0.010822943,0.005461347,0.00957606,0.00478803,0.004738155,0.002044888,1+2,1,1,0,2,8,2+3,4+5,10,1–5,5+6
Hypsiscopus murphi,Vietnam,ROM,25389,NA,light greyish/purple,cream;immaculate,sharp (between DSR 3 and 4 from ventrals),charcol grey mid-ventral stripe; subcaudals clean (starts about 4 subcaudals from the vent),trimmed,19,19,17,divided,130,divided,34,34,0.048656716,0.03300995,0.003656716,1.115646766,0.115646766,0.000248756,0.029427861,0.029353234,0.028781095,0.029179104,0.01460199,0.091691542,0.011343284,0.005597015,0.010995025,0.004676617,0.004477612,0.001840796,0.012263682,0.005248756,0.010771144,0.004402985,0.003631841,0.001840796,1+2,1,1,0,2,8,2+3,4+5,10,1–5,5+6
Hypsiscopus plumbea,Java,FMNH,131229,NA,greyish/purple; dorsal stripe of dark grey vertebral scales down most of the specimen,cream/tan; faint pigmentation at posterior edge of scales; grey blotches at anterior edge of scales on most scales,"sharp, but some blending (between DSR 2 and 3 from ventrals); scale row 3 from ventrals are darker than surrounding rows making a lateral stripe on each side (not as obviou as the Sumatran specimen MCZ 37774)",charcol grey mid-ventral stripe; subcaudals clean,trimmed,19,19,15,divided,123,divided,36,35,0.048586118,0.027892031,0.004473008,1.154241645,0.154241645,0.00033419,0.032262211,0.032287918,0.032442159,0.032339332,0.016169666,0.101568123,0.012596401,0.005449871,0.01125964,0.003650386,0.005938303,0.001670951,0.012107969,0.004267352,0.011208226,0.004395887,0.005424165,0.001233933,1+2,1,1,0,2,8,2+3,4+5,10,1–5,5+6
Hypsiscopus murphi,Taiwan,UF,13227-5,Male,greyish/purple,yellowish; faint pigmentation at posterior edge of scales; faint half moon on anterior part of ventrals,gradual (DSR 3 from ventrals is more dark than light),charcol grey mid-ventral stripe; subcaudals clean,trimmed,19,19,16,divided,128,divided,37,36,0.05019656,0.036044226,0.003415233,1.123955774,0.123955774,0.00027027,0.03972973,0.03958231,0.039459459,0.03958231,0.01980344,0.124373464,0.011719902,0.004938575,0.011769042,0.006093366,0.006781327,0.002800983,0.009213759,0.005454545,0.011056511,0.004570025,0.006216216,0.001572482,2+2,1,2,0,2,8,1+2+3,4+5,10,1–5,5+6
Hypsiscopus murphi,Upper Mainland SEA,NCSM,76558,Female,light purple/grey,cream/yellow; immaculate,sharp (between DSR 3 and 4 from ventrals),charcol grey mid-ventral stripe; subcaudals clean,trimmed,19,19,15,divided,130,divided,36,36,0.046754177,0.030190931,0.003699284,1.11725537,0.11725537,0.000238663,0.035823389,0.036658711,0.036491647,0.036324582,0.018162291,0.114128878,0.010906921,0.005178998,0.01150358,0.003627685,0.004606205,0.002052506,0.011718377,0.004916468,0.011121718,0.00353222,0.004821002,0.001264916,1+2,1,1,0,2,8,2+3,4+5,10,1–5,5+6
Hypsiscopus murphi,Upper Mainland SEA,FMNH,263732,NA,light grey,cream;immaculate,"sharp but kind of gradual anterior edge of DSR 1,2,3 have charcoal grey)",charcol grey mid-ventral stripe (starting 6 subcaudals away from the vent); subcaudals clean,trimmed,19,19,15,divided,125,divided,35,35,0.048043478,0.03384058,0.003429952,1.144927536,0.144927536,0.00031401,0.039975845,0.038719807,0.038019324,0.038913043,0.038550725,0.038502415,0.013164251,0.00615942,0.013043478,0.005241546,0.004782609,0.002995169,0.011884058,0.004565217,0.012729469,0.0052657,0.003792271,0.002415459,1+2,1,1,0,2,8,2+3 | 1+2+3,4+5,10,1–5,5+6
Hypsiscopus plumbea,Coastal Mainland SEA,NCSM,98995,male,"light purple/grey; single, black scales here and there",cream/yellowish; random grey half moons (1 or more) on many of the anterior (and sometimes posterior) portions of the scale edge,gradual,charcol grey mid-ventral stripe with bleeding pigmentation into subcaudauls,bearded,19,19,17,divided,115,divided,39,40,0.046139089,0.032877698,0.003357314,1.13705036,0.13705036,0.00028777,0.038513189,0.039496403,0.038705036,0.038896882,0.019448441,0.122230216,0.009928058,0.005947242,0.010959233,0.005251799,0.005107914,0.002709832,0.012014388,0.006306954,0.011990408,0.004484412,0.005443645,0.002494005,1+2,1,1,0,2,8,2+3,4+5,10,1–5,5+6
Hypsiscopus murphi,Taiwan,AMNH,84482,NA,dark greyish/purple,light yellow/creamish; faint pigmentation at posterior edge of scales; faint half moon on anterior part of some ventrals,gradual (DSR 2 from ventrals is more dark than light),charcol grey mid-ventral stripe; subcaudals clean,trimmed,19,19,15,divided,128,divided,39,40,0.047735849,0.028820755,0.003915094,1.129481132,0.129481132,0.000259434,0.033160377,0.033632075,0.032924528,0.033231132,0.016627358,0.104433962,0.00995283,0.006179245,0.008891509,0.004976415,0.004363208,0.002169811,0.009669811,0.006226415,0.011320755,0.00490566,0.005943396,0.003113208,1+2,1,1,0,2,8,2+3,4+5,10,1–5,5+6
Hypsiscopus plumbea,Upper Mainland SEA,FMNH,265800,NA,greyish/purple,cream;immaculate,sharp (between DSR 3 from ventrals),charcol grey mid-ventral stripe; subcaudals clean (starts about 2 subcaudals from the vent),trimmed,19,19,15,divided,127,divided,36,36,0.043559719,0.028384075,0.003583138,1.127447307,0.127447307,0.000257611,0.03175644,0.031733021,0.032740047,0.032084309,0.016042155,0.100772834,0.010936768,0.004168618,0.011405152,0.003161593,0.004215457,0.001311475,0.010444965,0.003700234,0.010515222,0.002997658,0.004332553,0.001428571,1+2,1,1,0,2,8,2+3 | 1+2+3,4+5,10,1–5,5+6
Hypsiscopus murphi,Vietnam,ROM,32391,NA,light greyish/purple,cream;immaculate,sharp (between DSR 3 and 4 from ventrals),charcol grey mid-ventral stripe; subcaudals clean ,trimmed,19,19,15,divided,135,divided,36,36,0.045655172,0.029103448,0.003609195,1.111425287,0.111425287,0.000229885,0.035448276,0.035287356,0.034643678,0.035126437,0.017563218,0.110344828,0.009563218,0.004666667,0.00891954,0.003724138,0.004597701,0.001908046,0.008781609,0.005218391,0.008758621,0.004045977,0.003816092,0.002022989,1+2,1,1,0,2,8,2+3,4+5,10,1–5,5+6
Hypsiscopus murphi,Vietnam,ROM,32373,NA,dark grey,"yellow/gold;immaculate; some dots of pigmentation on mid of ventrals midbody to posterior, but barely; this is considered immaculate",sharp (between DSR 3 and 4 from ventrals) (but some a tiny bit of bleeding into the light colored lateral scales),charcol grey mid-ventral stripe; a bit choppy though (not continuous); subcaudals clean,trimmed,19,19,17,divided,134,divided,22,22,0.043,0.031333333,0.003044444,1.079422222,0.079422222,0.000155556,0.036333333,0.036511111,0.036622222,0.036488889,0.018244444,0.114622222,0.012533333,0.005422222,0.011733333,0.004822222,0.004822222,0.002222222,0.010733333,0.004933333,0.010622222,0.003888889,0.002755556,0.0012,1+2,1,1,0,2,8,2+3,4+5,10,1–5,5+6
Hypsiscopus murphi,Vietnam,ROM,32388,NA,light greyish/purple,cream;immaculate,sharp (between DSR 3 and 4 from ventrals),charcol grey mid-ventral stripe; subcaudals clean (starts about 8 subcaudals from the vent),trimmed,19,19,15,divided,131,divided,34,34,0.042778993,0.027527352,0.003391685,1.103238512,0.103238512,0.000196937,0.029606127,0.029190372,0.029146608,0.029321663,0.014660832,0.092100656,0.009956236,0.004660832,0.007199125,0.003501094,0.004091904,0.00166302,0.010109409,0.004332604,0.008884026,0.003413567,0.003676149,0.00131291,1+2,1,1,0,2,8,2+3,4+5,10,1–5,5+6
Hypsiscopus murphi,Upper Mainland SEA,FMNH,263727,NA,greyish/purple,cream/tan; faint pigmentation at posterior edge of scales; grey blotches at anterior edge of scales on some scales,"sharp but kind of gradual anterior edge of DSR 1,2 have charcoal grey); not as prominent, but some darker coloration on the DSR 4 makes a lateral stripe, but not as visible as Java and Sumatra specimens)",charcol grey mid-ventral stripe; subcaudals dirty,trimmed,19,19,15,divided,123,divided,32,31,0.04968444,0.031991295,0.003373232,1.097932535,0.097932535,0.000195865,0.040304679,0.040261153,0.040457018,0.040348205,0.040348205,0.04039173,0.011947769,0.004156692,0.011730141,0.004461371,0.004874864,0.001501632,0.011926007,0.004504897,0.011360174,0.003895539,0.005244831,0.001915125,1+2,1,1,0,2,8,2+3,4+5,10,1–5,5+6
Hypsiscopus murphi,Upper Mainland SEA,FMNH,259222,male,very dark grey/purple,cream;immaculate,sharp (between DSR 3 from ventrals),charcol grey mid-ventral stripe (a bit thicker than usual); subcaudals clean,trimmed? A bit more prominent though,19,19,15,divided,135,divided,38,38,0.040414847,0.028537118,0.003100437,1.113733624,0.113733624,0.000218341,0.029432314,0.029344978,0.029082969,0.029279476,0.014650655,0.092008734,0.009737991,0.004323144,0.007576419,0.003427948,0.003187773,0.001615721,0.00941048,0.004628821,0.008755459,0.003362445,0.002772926,0.001266376,1+2,1,1,0,2,8,2+3,4+5,10,1–5,5+6
Hypsiscopus plumbea,Coastal Mainland SEA,NCSM,98996,Female,"light purple/grey; single, black scales here and there",cream/yellowish; consistent halfmoon grey pigmentation at middle of anterior edge of scales; grey pigmentation along all anterior edge of scales,gradual,charcol grey mid-ventral stripe with bleeding pigmentation into subcaudauls,bearded,19,19,17,divided,116,divided,33,34,0.055626327,0.033800425,0.003503185,1.121316348,0.121316348,0.000233546,0.04447983,0.044458599,0.044394904,0.044437367,0.022229299,0.139617834,0.010403397,0.006751592,0.011868365,0.004288747,0.005987261,0.002462845,0.009936306,0.005711253,0.011592357,0.004904459,0.006178344,0.002229299,1+2,1,1,0,2,8,2+3,4+5,10,1–5,5+6
Hypsiscopus murphi,Vietnam,ROM,32374,NA,dark grey,"cream/yellow; closer to the immaculate state, but some dots of pigmentation on mid of ventrals ",sharp (between DSR 3 and 4 from ventrals) (but some a tiny bit of bleeding into the light colored lateral scales),charcol grey mid-ventral stripe; subcaudals clean but towards tail tip there is some bleeding,bearded? ,19,19,15,divided,127,divided,32,32,0.042061856,0.033835052,0.002556701,1.096701031,0.096701031,0.000185567,0.036,0.036701031,0.03585567,0.036185567,0.018103093,0.113670103,0.011402062,0.005402062,0.009752577,0.004989691,0.003072165,0.002041237,0.012927835,0.005505155,0.011154639,0.004865979,0.002371134,0.001546392,1+2,1,1,0,2,8,2+3,4+5,10,1–5,5+6
Hypsiscopus plumbea,Upper Mainland SEA,FMNH,259076,NA,dark grey/purple; scale borders a bit darker than scale interior,cream/tan; faint pigmentation at posterior and anterior edge of scales; grey blotches at anterior edge of scales on some scales,"sharp, but some blending (between DSR 2 and 3 from ventrals); scale row 3 from ventrals are darker than surrounding rows making a lateral stripe on each side",charcol grey mid-ventral stripe; subcaudals clean,trimmed? A bit more prominent though,19,19,17,divided,118,divided,35,35,0.049157895,0.037010526,0.0028,1.129347368,0.129347368,0.000231579,0.049852632,0.048926316,0.048884211,0.049221053,0.024610526,0.154631579,0.011410526,0.004357895,0.013136842,0.004126316,0.005094737,0.001136842,0.010968421,0.003915789,0.012905263,0.004484211,0.003978947,0.001978947,1+2,1,1,0,2,8,2+3,4+5,10,1–5,5+6
Hypsiscopus plumbea,Upper Mainland SEA,FMNH,263708,NA,greyish/purple; has some random darker grey scales on the vertebral scales (more anteriorly),cream;immaculate,"sharp but kind of gradual anterior edge of DSR 1,2 have charcoal grey); not as prominent, but some darker coloration on the DSR 4 makes a lateral stripe, but not as visible as Java and Sumatra specimens)",charcol grey mid-ventral stripe (starting 4 subcaudals away from the vent); subcaudals clean,trimmed,19,19,17,divided,114,divided,38,38,0.042288136,0.029639831,0.003029661,1.156779661,0.156779661,0.00029661,0.03375,0.033114407,0.032394068,0.03309322,0.032860169,0.032775424,0.011610169,0.00470339,0.010995763,0.002944915,0.003305085,0.001694915,0.011228814,0.004110169,0.008919492,0.003559322,0.003877119,0.001059322,1+2,1,1,0,2,8,2+3,4 | 4+5,10,1–5,5+6
Hypsiscopus plumbea,Upper Mainland SEA,FMNH,263729,NA,greyish/purple,cream; mostly immaculate but a tad of grey flecking here and there ,"sharp but kind of gradual anterior edge of DSR 1,2 have charcoal grey); not as prominent, but some darker coloration on the DSR 4 makes a lateral stripe, but not as visible as Java and Sumatra specimens)",charcol grey mid-ventral stripe (starting 4 subcaudals away from the vent); subcaudals clean,trimmed? A bit more prominent though,19,19,17,divided,116,divided,34,35,0.046861925,0.033556485,0.00292887,1.148535565,0.148535565,0.000271967,0.044016736,0.04374477,0.043786611,0.043849372,0.043786611,0.043807531,0.010774059,0.005439331,0.006631799,0.003807531,0.003953975,0.002238494,0.010690377,0.004518828,0.011966527,0.00458159,0.004372385,0.002217573,1+2,1,1,0,2,8,2+3,4,10,1–5,5+6
Hypsiscopus plumbea,Upper Mainland SEA,FMNH,263710,female?,"tan/brownish/purpleish (not as distinct as Sumatra and Java, but there are some dark scales near the head that make a dorsolateral stripe)",cream;immaculate,"sharp but kind of gradual anterior edge of DSR 1,2,3 have charcoal grey); not as prominent, but some darker coloration on the DSR 4 makes a lateral stripe, but not as visible as Java and Sumatra specimens)",charcol grey mid-ventral stripe (starting 4 subcaudals away from the vent); subcaudals clean,trimmed,19,19,17,divided,116,divided,36,36,0.049604167,0.034666667,0.002979167,1.145833333,0.145833333,0.000270833,0.043041667,0.043375,0.042916667,0.043104167,0.043125,0.0430625,0.012520833,0.0043125,0.0085,0.003895833,0.003958333,0.002166667,0.011354167,0.005125,0.0099375,0.004354167,0.004229167,0.002166667,1+2,1,1,0,2,8,2+3,4,10,1–5,5+6
Hypsiscopus plumbea,Borneo,ROM,19826,NA,"charcol grey; single, black scales here and there",cream/tan; faint pigmentation at posterior edge of scales; grey blotches at anterior edge of scales on some scales,gradual,charcol grey mid-ventral stripe with bleeding pigmentation into subcaudauls,trimmed,19,19,17,divided,120,divided,38,38,0.052103093,0.040371134,0.002659794,1.179381443,0.179381443,0.000309278,0.050082474,0.050845361,0.051154639,0.050701031,0.025340206,0.159257732,0.013319588,0.006309278,0.01214433,0.005030928,0.005670103,0.003402062,0.012103093,0.005690722,0.011979381,0.005134021,0.005587629,0.003402062,1+2,1,1,0,2,8,2+3,4+5,10,1–5,5+6
Hypsiscopus plumbea,Upper Mainland SEA,FMNH,257428,NA,dark grey/purple; scale borders a bit darker than scale interior; some random scales are black/charcoal grey,cream/tan; faint pigmentation at posterior edge of scales; grey blotches at anterior edge of scales on some scales,gradual (DSR 3 from ventrals is more dark than light),charcol grey mid-ventral stripe with bleeding pigmentation into subcaudauls,bearded? Not as much as the other ones but close,19,19,17,divided,122,divided,37,37,0.04922619,0.031746032,0.003075397,1.158730159,0.158730159,0.000277778,0.03406746,0.034285714,0.033988095,0.034107143,0.017063492,0.107162698,0.012202381,0.005039683,0.008730159,0.003968254,0.003313492,0.001626984,0.011170635,0.004047619,0.00843254,0.00422619,0.003373016,0.001507937,1+2,1,1,0,2,8,2+3,4+5,10,1–5,5+6
Hypsiscopus plumbea,Upper Mainland SEA,FMNH,252499,NA,dark grey/purple; scale borders a bit darker than scale interior,cream/tan; faint pigmentation at posterior edge of scales; grey blotches at anterior edge of scales on some scales,gradual (DSR 3 from ventrals is more dark than light),charcol grey mid-ventral stripe with bleeding pigmentation into subcaudauls,bearded,19,19,17,divided,120,divided,37,37,0.044627151,0.031185468,0.002734226,1.12793499,0.12793499,0.000210325,0.033709369,0.033613767,0.033862333,0.033728489,0.016864245,0.105965583,0.012332696,0.004493308,0.010229446,0.00416826,0.003613767,0.001357553,0.011510516,0.004952199,0.010325048,0.004933078,0.003728489,0.001357553,1+2,1,1,0,2,8,2+3,4+5,10,1–5,5+6
Hypsiscopus murphi,Vietnam,ROM,32381,NA,light greyish/purple,"cream/yellow; closer to the immaculate state, but some dots of pigmentation on mid of ventrals ",sharp (between DSR 3 and 4 from ventrals) (but some a tiny bit of bleeding into the light colored lateral scales),charcol grey mid-ventral stripe; subcaudals clean (starts about 4 subcaudals from the vent),trimmed,19,19,15,divided,133,divided,33,33,0.040462107,0.029630314,0.002532348,1.103512015,0.103512015,0.000166359,0.026580407,0.026839187,0.026839187,0.026746765,0.013382625,0.084048059,0.009075786,0.004565619,0.007874307,0.003918669,0.004621072,0.001478743,0.010018484,0.003974122,0.00935305,0.003419593,0.004510166,0.00103512,1+2,1,1,0,2,8,2+3,4+5,10,1–5,5+6
Hypsiscopus plumbea,Upper Mainland SEA,FMNH,263715,NA,very dark grey/purple,cream/tan; faint pigmentation at posterior edge of scales; grey blotches at anterior edge of scales on some scales,"sharp (between DSR 3 and 4 from ventrals; but some bleeding on anterior edge or DSR 1,2,3)",charcol grey mid-ventral stripe; subcaudals clean,trimmed? A bit more prominent though,19,20,17,divided,116,divided,30,30,0.047837338,0.035434381,0.002495379,1.113918669,0.113918669,0.000184843,0.037375231,0.037430684,0.03780037,0.03754159,0.037597043,0.037634011,0.010277264,0.004325323,0.007985213,0.003567468,0.004343808,0.001829945,0.010277264,0.004362292,0.009463956,0.004177449,0.004621072,0.001848429,1+2,1,1,0,2,8,2+3,4,10,1–5,5+6
