taxon,Locality,institution,ID,Sex,dorsal_color,ventral_color,dorsal-ventral_color_transition,ventral_tail_color,Chin_color,dorsal_scale_rows_anterior (10 ventrals in),dorsal_scale_rows_midbody,dorsal_scale_rows_posterior (5 before vent),anal_plate,ventrals,subcaudal_type,subcaudals_left,subcaudals_right,head_length,head_width,head_length-width_ratio,total_length,SVL ,tail_length ,tail_total_ratio,body_width_midbody1 ,body_width_midbody2 ,body_width_midbody3 ,body_width_midbody_average,radius,circumference,anterior_chin_shield_length_left,anterior_chin_shield_width_left,posterior_chin_shield_length_left,posterior_chin_shield_width_left,intergenial_length_left,intergenial_width_left,anterior_chin_shield_length_right,anterior_chin_shield_width_right,posterior_chin_shield_length_right,posterior_chin_shield_width_right,intergenial_length_right,intergenial_width_right,temporal_scale_formula: ant+post (L | R),supraoculars (L | R),preoculars (L | R),suboculars (L | R),postoculars (L | R),supralabials (L | R),supralabials_contacts_loreal (L | R),supralabials_contact_eye (L | R),infralabials (L | R),infralabials_contact_anterior_chin_shields (L | R),infralabials_contact_posterior_chin_shields (L | R)
Hypsiscopus murphi,Upper Mainland SEA,NCSM,79036,NA (juvenile?),light purple/grey,cream/yellow; immaculate,sharp (between DSR 3 and 4 from ventrals),charcol grey mid-ventral stripe from midpoint of tail to end of tail; subcaudals clean,trimmed,19,19,15,divided,129,divided,39,39,10.84,8.33,1.3,301.33,263.5,37.83,0.13,8.52,8.53,8.34,8.46,4.23,26.59,3.17,1.28,2.19,0.89,0.99,0.57,3.07,1.33,2.53,0.92,1.12,0.6,1+2,1,1,0,2,8,2+3,4+5,9,1–4,4+5
Hypsiscopus murphi,Upper Mainland SEA,NCSM,79035,NA,light purple/grey,cream/yellow; immaculate,sharp (between DSR 3 and 4 from ventrals),charcol grey mid-ventral stripe; subcaudals clean,trimmed,19,19,15,divided,127,divided,33,34,14.28,8.5,1.68,305.77,271,34.77,0.11,8.54,8.73,8.76,8.68,4.34,27.26,4.11,1.33,2.64,1.2,1.23,0.46,4.17,1.51,3.16,1.38,1.7,0.76,1+2,1,1,0,2,8,2+3,4+5,10,1–5,4+5
Hypsiscopus plumbea,Coastal Mainland SEA,NCSM,98994,male (juvenile?),"charcol grey; single, black scales here and there",cream/tan; faint pigmentation at posterior edge of scales; grey blotches at anterior edge of scales on some scales,gradual,charcol grey mid-ventral stripe with bleeding pigmentation into subcaudauls,bearded,19,19,17,divided,118,divided,38,39,15.16,9.18,1.65,310.87,270,40.87,0.13,10.19,10.11,9.85,10.05,5.03,31.57,3.41,1.93,3.07,1.15,1.62,0.68,3.72,1.75,2.86,1.12,1.29,0.69,1+2,1,1,0,2,8,2+3,4+5,10,1–5,5+6
Hypsiscopus murphi,Upper Mainland SEA,FMNH,263721,NA,greyish/purple,cream;immaculate,sharp (between DSR 3 and 4 from ventrals),charcol grey mid-ventral stripe (starting 6 subcaudals away from the vent); subcaudals clean,trimmed,19,19,15,divided,128,divided,40,40,13.37,7.55,1.77,311.98,275,36.98,0.12,8.72,8.96,8.55,8.74,8.75,8.68,3.02,1.59,2.69,1.04,1.17,0.47,2.96,1.02,2.66,0.85,1.05,0.59,1+2,1,1,0,2,8,2+3,4+5,10,1–5,5+6
Hypsiscopus murphi,Upper Mainland SEA,NCSM,78626,NA (juvenile?),light purple/grey; some random charcoal grey scales and splotches,cream/yellow; immaculate,sharp (between DSR 3 and 4 from ventrals),charcol grey mid-ventral stripe; anterior-half of subcaudals clean,trimmed,19,19,15,divided,128,divided,33,33,14.52,8.2,1.77,314.67,281,33.67,0.11,9.27,9.41,9.31,9.33,4.67,29.31,3.53,1.12,2.72,1.05,1.45,0.27,3.66,1.56,2.63,1.13,1.21,0.5,1+2,1,1,0,1,8,2+3,4+5,10,1–5,4+5
Hypsiscopus murphi,Vietnam,ROM,25634,Juvenile?,light greyish/purple,cream;immaculate,sharp (between DSR 3 and 4 from ventrals),charcol grey mid-ventral stripe; subcaudals clean,shaved,19,19,17,divided,124,divided,36,36,15.3,10.42,1.47,318.6,284,34.6,0.11,8.41,8.45,8.43,8.43,4.22,26.48,4.04,1.86,3.78,1.49,1.47,1.17,3.52,1.98,3.52,1.27,1.24,1.04,1+2,1,1,0,2,8,2+3,4+5,10,1–5,5+6
Hypsiscopus murphi,Upper Mainland SEA,UF,72675,Male,greyish/purple,cream/yellow; immaculate,sharp (between DSR 3 and 4 from ventrals),charcol grey mid-ventral stripe broken/barely present; subcaudals clean,bearded/trimmed?,19,19,17,divided,122,divided,36,35,14.18,10.15,1.4,319.68,284,35.68,0.11,8.6,7.68,8.14,8.14,4.07,25.57,2.91,1.28,2.92,1.4,1.32,0.59,3.44,1.41,3.21,1.78,0.86,0.44,1+2,1,1,0,2,8,2+3,4+5,10,1–5,5+6
Hypsiscopus murphi,Upper Mainland SEA,NUoL,534,Male,olive greenish/grey,yellow (cream/yellow anteriorly); immaculate,sharp (between DSR 3 and 4 from ventrals),charcol grey mid-ventral stripe; subcaudals clean,trimmed,19,19,15,divided,128,divided,37,38,14.47,10.03,1.44,322.6,286,36.6,0.11,9.59,9.91,9.95,9.82,4.91,30.84,3.1,1.58,3.17,1.34,1.41,0.79,3.5,1.74,3.37,1.36,1.19,0.56,1+2,1,2 | 1,0,2 | 1,8,2+3,4+5,11 | 10,1–5,4+5
Hypsiscopus murphi,Upper Mainland SEA,NUoL,536,NA (juvenile?),olive greenish/grey,cream/yellow; immaculate,sharp (between DSR 3 and 4 from ventrals),charcol grey mid-ventral stripe starting at subcaudal pair 4 from vent; subcaudals clean,trimmed,19,19,15,divided,127,divided,32,31,16.43,9.18,1.79,329.46,293,36.46,0.11,7.32,7.32,7.16,7.27,3.63,22.83,4.02,1.69,3.25,1.16,1.25,0.67,3.75,1.81,3.05,1.48,1.27,0.68,1+2,1,1,0,2,8,2+3,4+5,10,1–4,5+6
Hypsiscopus murphi,Vietnam,ROM,32378,male,dark/charcoal grey,cream;immaculate,sharp (between DSR 3 and 4 from ventrals) (but some a tiny bit of bleeding into the light colored lateral scales),charcol grey mid-ventral stripe; a bit choppy though (not continuous); subcaudals are more clean but still have SOME bleeding between the anterior and posterior parts of the subcaudals,lightly bearded? (but more pigmentation on ventral parts of the infralabials),19,19,15,divided,127,divided,37,37,14.94,10.19,1.47,332,293.69,38.31,0.12,11.05,10.97,10.92,10.98,5.49,34.49,4.45,1.69,3.93,1.55,1.59,0.44,4.18,1.6,3.57,1.39,1.35,0.6,1+2,1,1,0,2,8,2+3,4+5,10,1–5,5+6
Hypsiscopus murphi,Vietnam,ROM,35779,Juvenile,light greyish/purple,cream; very faint spot on middle of anterior edge of most ventrals; these are mor prominent and look more like halfmoons closer to the cloaca,sharpish; some bleeding of darker pigmentation into lighter pigmentation (between DSR 3 and 4 from ventrals),charcol grey mid-ventral stripe; subcaudals clean,trimmed,19,19,15,divided,128,divided,39,39,14.82,9.59,1.55,333.31,295,38.31,0.11,10.38,10.36,10.71,10.48,5.24,32.93,3.35,1.51,2.75,1.28,1.15,0.75,2.74,1.67,3.21,1.56,1.08,0.72,1+2,1,1,0,2,8,2+3,4+5,10,1–5,5+6
Hypsiscopus murphi,Upper Mainland SEA,NCSM,86536,NA (juvenile?),"purple/grey (not charcoal, but not as light as the adults)",cream/yellow; immaculate,sharp (between DSR 3 and 4 from ventrals),charcol grey mid-ventral stripe; subcaudals clean,trimmed,19,19,15,divided,127,divided,35,34,14.85,8.98,1.65,337.72,301,36.72,0.11,8.64,8.61,8.52,8.59,4.3,26.99,3.23,1.62,2.82,1.2,1.59,0.63,3.31,1.86,2.98,1.19,1.39,0.81,1+2,1,1,0,2,8,2+3,4+5,10,1–5,5+6
Hypsiscopus murphi,Upper Mainland SEA,NCSM,85491,Female,light purple/grey,cream/yellow; immaculate,sharp (between DSR 3 and 4 from ventrals),charcol grey mid-ventral stripe; subcaudals clean,trimmed,19,19,15,divided,127,divided,36,36,16.64,9.36,1.78,337.99,300,37.99,0.11,8.37,8.26,8.43,8.35,4.18,26.24,3.98,1.56,3.36,1.36,1.47,0.64,3.88,1.25,3.64,1.43,1.65,0.55,1+2,1,1,0,2,8,2+3,4+5,10,1–5,4+5
Hypsiscopus murphi,Taiwan,AMNH,76125,NA,greyish/purple,light yellow/creamish; faint pigmentation at posterior edge of scales; faint half moon on anterior part of some ventrals,gradual (DSR 3 from ventrals is more dark than light),charcol grey mid-ventral stripe; subcaudals clean,trimmed,19,19,17,divided,126,divided,36,36,18.24,10.32,1.77,341.72,294,47.72,0.14,11.29,11.33,11.57,11.4,5.7,35.8,3.61,1.48,2.99,1.34,2.1,0.6,3.47,1.23,3.55,1.39,1.62,0.6,1+2,1,2 | 1,0,2,8,2+3,4+5,10,1–5,5+6
Hypsiscopus murphi,Upper Mainland SEA,NCSM,76557,Female,light purple/grey,cream/yellow; immaculate,sharp (between DSR 3 and 4 from ventrals),charcol grey mid-ventral stripe; subcaudals clean,trimmed,19,19,15,divided,129,divided,33,32,18.71,11.92,1.57,352.78,317.5,35.28,0.1,10.89,10.96,10.9,10.92,5.46,34.3,4.19,1.96,3.4,1.3,1.86,0.89,3.97,1.54,3.78,1.57,1.88,0.83,1+2,1,1,0,2,8,2+3,4+5,10,1–5,5+6
Hypsiscopus murphi,Upper Mainland SEA,NUoL,537,Female,olive greenish/grey,cream/yellow; immaculate,sharp (between DSR 3 and 4 from ventrals),charcol grey mid-ventral stripe; subcaudals clean,trimmed,19,19,15,divided,128,divided,33,32,17.29,10.32,1.68,353.82,317.5,36.32,0.1,13.13,13.69,13.49,13.44,6.72,42.21,4.8,1.19,3,1.87,2.1,0.79,4.11,1.81,3.2,1.71,1.62,0.75,1+2,1,1,0,2,8,2+3,4+5,10,1–5,4+5
Hypsiscopus murphi,Upper Mainland SEA,NCSM,85490,Male,light purple/grey,cream/faint orange; immaculate,sharp (between DSR 3 and 4 from ventrals),charcol grey mid-ventral stripe starting at subcaudal pair 12 from vent; subcaudals clean,trimmed,19,19,15,divided,125,divided,41,41,14.65,9.15,1.6,355.92,310,45.92,0.13,10.02,10.02,10.11,10.05,5.03,31.57,3.77,1.71,3.07,1.41,1.12,0.59,3.71,1.77,2.98,1.51,1.25,0.97,1+2,1,1,0,2,8,2+3,4+5,10,1–5,4+5
Hypsiscopus murphi,East of Red River [China],AMNH,33905,Female?,greyish/purple,yellow; faint pigmentation at posterior edge of scales; faint half moon on anterior part of posterior ventrals,gradual (DSR 4 from ventrals is more dark than light),charcol grey mid-ventral stripe; subcaudals clean,trimmed,19,19,17,divided,128,divided,34,34,15.93,10.85,1.47,358.32,317.5,40.82,0.11,11.32,11.57,11.27,11.39,5.69,35.77,3.5,1.92,3.46,1.53,1.98,1.06,3.03,1.79,3.78,1.8,1.37,0.76,1+2,1,1,0,2,8,2+3,4+5,10,1–5,5+6
Hypsiscopus murphi,Vietnam,ROM,25391,male,dark/charcoal grey,cream;immaculate,sharp (between DSR 3 and 4 from ventrals),charcol grey mid-ventral stripe; subcaudals clean (starts about 4 subcaudals from the vent),trimmed,19,19,17,divided,126,divided,37,38,15.2,9.43,1.61,359.63,315,44.63,0.12,10.26,10.23,10.21,10.23,5.12,32.15,4.16,4.21,1.52,1.11,1.63,0.44,3.93,1.36,3.96,1.27,1.52,0.43,1+2,1,1,0,2,8,2+3,4+5,10,1–5,5+6
Hypsiscopus plumbea,Sumatra,MCZ,37774,NA,light purple/grey; charcoal grey spots down anterior half of vertebral scales,cream/yellow; immaculate,"sharp, but some blending (between DSR 2 and 3 from ventrals); scale row 3 from ventrals are darker than surrounding rows making a lateral stripe on each side",charcol grey mid-ventral stripe; subcaudals clean,trimmed,19,19,17,divided,118,divided,34,35,19.35,11.31,1.71,360.96,305,55.96,0.16,13.75,14,13.95,13.9,6.95,43.67,4.88,1.83,4.42,2.01,1.42,0.88,4.28,1.79,4.27,1.69,1.39,0.58,1+2,1,1,0,2,8,2+3,4+5,8 | 9,1–5,5+6 | 4+5
Hypsiscopus murphi,Taiwan,UF,13227-7,NA,greyish/purple,yellowish; faint pigmentation at posterior edge of scales; faint half moon on anterior part of some ventrals,gradual (DSR 3 from ventrals is more dark than light),charcol grey mid-ventral stripe; subcaudals clean,trimmed,19,19,16,divided,125,divided,34,35,18.43,11.24,1.64,363.6,316,47.6,0.13,11.92,11.98,12.13,12.01,6.01,37.73,3.79,2.07,5.05,1.91,3.06,0.85,4.45,1.95,4.71,1.59,1.78,0.97,1+2 | 1+3,1,1,0,2,8,2+3,4+5,10,1–5,5+6
Hypsiscopus murphi,Taiwan,UF,13231-3,NA,light greyish/purple,yellowish; faint pigmentation at posterior edge of scales; faint half moon on anterior part of ventrals,gradual (DSR 3 from ventrals is more dark than light),charcol grey mid-ventral stripe; subcaudals clean,trimmed,19,19,17,divided,126,divided,36,35,17.59,13.52,1.3,365.13,321,44.13,0.12,14.34,14.32,14.34,14.33,7.17,45.03,3.78,1.97,3.6,1.67,1.96,0.89,3.06,2.18,3.3,1.72,1.67,1.17,1+1 | 1+2,1,1,0,2,8,1+2+3,4+5,10,1–5,5+6
Hypsiscopus murphi,East of Red River [China],AMNH,33903,Male,charcoalish grey,yellow (mustard); faint pigmentation at posterior edge of scales; grey blotches at anterior edge of scales on some scales; half moon on anterior part of ventrals 23 ventrals away from vent,gradual (DSR 3 from ventrals is more dark than light),charcol grey mid-ventral stripe; subcaudals clean,trimmed,19,19,17,divided,127,divided,39,40,14.6,9.13,1.6,365.84,321,44.84,0.12,9.92,10.31,10.16,10.13,5.07,31.82,3.54,1.71,3.29,1.64,1.59,0.78,3.57,1.89,3.21,1.66,1.32,0.92,1+2,1,1,0,2,8,2+3,4+5,10,1–5,4+5
Hypsiscopus murphi,Upper Mainland SEA,NCSM,78627,Female,light purple/grey,cream; immaculate,sharp (between DSR 2 and 3 from ventrals),charcol grey mid-ventral stripe starting at subcaudal pair 5 from vent; subcaudals clean,trimmed,19,19,15,divided,130,divided,34,35,17.45,9.98,1.75,365.89,326,39.89,0.11,9.68,9.59,9.71,9.66,4.83,30.35,3.14,1.34,3.5,1.17,1.59,0.87,3.75,1.84,3.25,1.21,1.4,0.74,1+2,1,1,0,2,8,2+3,4+5,10,1–5,4+5
Hypsiscopus murphi,Vietnam,ROM,32386,NA,light greyish/purple,cream;immaculate,sharp (between DSR 3 and 4 from ventrals),charcol grey mid-ventral stripe; a bit choppy though (not continuous); subcaudals clean (starts about 6 subcaudals from the vent),trimmed,19,19,15,divided,132,divided,33,33,14.58,11.23,1.3,366.97,333,33.97,0.09,10.6,10.81,10.36,10.59,5.3,33.27,4.29,1.82,4.43,1.28,1.58,0.99,3.93,1.65,3.83,1.72,1.61,0.73,1+2,1,1,0,2,8,2+3,4+5,10,1–5,5+6
Hypsiscopus plumbea,Upper Mainland SEA,FMNH,263709,male,"greyish/purpleish (not as distinct as Sumatra and Java, but there are some dark scales near the head that make a dorsolateral stripe)",cream;immaculate,"sharp but kind of gradual anterior edge of DSR 3 has charcoal grey); not as prominent, but some darker coloration on the DSR 4 makes a lateral stripe, but not as visible as Java and Sumatra specimens)",charcol grey mid-ventral stripe (starting 6 subcaudals away from the vent); subcaudals clean,trimmed,19,19,17,divided,113,divided,39,40,17,10.42,1.63,367,310,57,0.65,10.12,10.52,11.07,10.57,10.72,10.79,3.89,1.62,2.99,1.26,1.72,0.53,4.01,1.63,3.24,1.2,1.16,0.58,1+2 | 2+2,1,1,0,2,8,3,4,10,1–6 | 1–5,6 | 5+6
Hypsiscopus murphi,Upper Mainland SEA,FMNH,263704,male,light greyish/purple,cream;immaculate,sharp (between DSR 3 and 4 from ventrals),charcol grey mid-ventral stripe (starting at subcaudals 6 from vent); subcaudals clean,trimmed,19,19,15,divided,127,divided,39,39,14.29,8.6,1.66,368.03,326,42.03,0.11,11.89,11.82,11.85,11.85,11.84,11.85,3.6,1.43,3.35,1.49,1.28,0.35,3.3,1.45,2.97,1.22,0.91,0.67,1+2,1,1,0,2,8,2+3,4+5,10,1–5,5+6
Hypsiscopus murphi,Upper Mainland SEA,FMNH,263714,NA,light greyish/purple,cream;immaculate,"sharp (between DSR 3 and 4 from ventrals; tiny bit of bleeding on anterior edge or DSR 1,2,3)",charcol grey mid-ventral stripe; subcaudals clean,trimmed,19,19,15,divided,124,divided,33,33,18.31,10.8,1.7,368.51,330,38.51,0.1,10.73,10.68,10.73,10.71,10.71,10.72,4.47,1.53,3.34,1.4,1.48,0.4,3.59,1.23,3.53,1.29,1.34,0.43,1+2,1,1,0,2,8,2+3,4+5,10,1–5,5+6
Hypsiscopus plumbea,Lower Mainland SEA,FMNH,250123,NA,tan/brownish/purpleish,cream;immaculate,"sharp, but some blending (between DSR 3 and 4 from ventrals); scale row 3 from ventrals are darker than surrounding rows making a lateral stripe on each side",charcol grey mid-ventral stripe; subcaudals clean,trimmed,19,19,17,divided,123,divided,38,38,17.13,10.88,1.57,374.46,330,44.46,0.12,10.82,10.74,10.54,10.7,5.35,33.62,4.68,1.68,3.6,1.16,1.7,0.63,4.32,1.29,3.63,1.16,1.79,0.46,1+2,1,1,0,2,8,2+3,4+5,10,1–5,5+6
Hypsiscopus murphi,Vietnam,ROM,32393,NA,light greyish/purple,cream;immaculate,sharp (between DSR 3 and 4 from ventrals),charcol grey mid-ventral stripe; subcaudals clean ,trimmed,19,19,15,divided,134,divided,39,39,16.28,9.79,1.66,377.16,332.5,44.66,0.12,11.73,11.87,12.05,11.88,5.94,37.33,4.02,1.87,3.42,1.54,1.83,0.85,3.53,1.81,3.51,1.36,1.56,0.83,1+2,1,1,0,2,8,2+3,4+5,10 | 11,1–5 | 1–6,5+6 | 6+7
Hypsiscopus murphi,East of Red River [China],AMNH,33908,Female?,greyish/purple,yellowish; faint pigmentation at posterior edge of scales; faint half moon on anterior part of ventrals,gradual (DSR 3 from ventrals is more dark than light),charcol grey mid-ventral stripe; subcaudals clean,trimmed,19,19,17,divided,127,divided,34,34,16.91,10.02,1.69,378.79,338,40.79,0.11,12.35,12.41,12.52,12.43,6.21,39.04,3.78,1.7,4.18,2.12,1.69,0.77,3.66,1.75,4.18,1.7,1.79,0.84,1+2,1,1,0,2,8,2+3,4+5,10,1–5,5+6
Hypsiscopus murphi,Taiwan,UF,13228-1,Male,greyish/purple,yellowish; faint pigmentation at posterior edge of scales; faint half moon on anterior part of ventrals,gradual (DSR 4 from ventrals is more dark than light); scale row 3-4 from ventrals are a bit darker than surrounding rows making a lateral stripe on each side,charcol grey mid-ventral stripe; subcaudals clean,trimmed,19,19,17,divided,126,divided,34,35,17.81,11.81,1.51,382.87,337.5,45.37,0.12,10.66,10.78,10.65,10.7,5.35,33.6,3.55,2.02,3.46,1.6,2.32,1.13,3.54,1.99,3.62,1.62,1.71,0.98,1+2,1,1,0,2,8,1+2+3,4+5,10,1–5,5+6
Hypsiscopus plumbea,Upper Mainland SEA,FMNH,263706,NA,greyish/purple,cream;immaculate,"sharp (between DSR 3 and 4 from ventrals; tiny bit of bleeding, but barely)",charcol grey mid-ventral stripe (starting 6 subcaudals away from the vent); subcaudals clean,trimmed,19,19,17,divided,118,divided,38,39,17.13,11.05,1.55,383.01,336,47.01,0.12,14.35,14.89,14.6,14.61,14.7,14.64,3.85,1.94,3.68,1.37,0.94,0.67,3.9,1.58,3.51,1.44,0.97,0.9,1+2,1,1,0,2,8,2+3,4+5,10,1–5,5+6
Hypsiscopus murphi,Upper Mainland SEA,UF,72677,Female?,greyish/purple,cream;immaculate,sharp (between DSR 2 and 3 from ventrals),charcol grey mid-ventral stripe broken in some spots; subcaudals clean,bearded/trimmed?,19,19,15,divided,125,divided,33,32,18.34,11.64,1.58,383.17,343.5,39.67,0.1,11.33,11.03,11.38,11.25,5.62,35.33,4.03,1.56,3.21,1.09,1.92,0.96,3.75,1.71,3.65,1.68,1.3,0.75,1+2,1,1,0,2,8,2+3,4+5,10 | 8,1–5,5+6
Hypsiscopus murphi,Mainland SEA,UF,61113,NA,greyish/purple,cream;immaculate,sharp (between DSR 3 and 4 from ventrals),charcol grey mid-ventral stripe; subcaudals clean,trimmed,19,19,15,divided,124,divided,31,32,16.34,8.57,1.91,385.49,345,40.49,0.11,9.82,9.67,9.8,9.76,4.88,30.67,3.87,1.88,2.4,1.48,1.17,0.56,3.67,1.41,3.9,1.9,1.24,0.75,1+2 | 1+1,1,1,0,2,8,2+3,4+5,10,1–5,5+6
Hypsiscopus murphi,Upper Mainland SEA,FMNH,263712,NA,light greyish/purple,cream;immaculate,sharp (between DSR 3 and 4 from ventrals),charcol grey mid-ventral stripe; subcaudals clean,trimmed,19,19,17,divided,123,divided,31,31,19.05,11.26,1.69,394,349,45,0.11,11.05,10.85,11.17,11.02,11.01,11.07,4.69,1.78,3.44,1.03,1.66,0.41,4.07,1.57,3.41,1.37,1.33,0.32,1+2,1,1,0,2,8,2+3,4+5,9,1–5,5
Hypsiscopus plumbea,Borneo,MCZ,22653,Female?,light purple/grey,cream/yellow; immaculate,"sharp, but some blending (between DSR 1 and 2 from ventrals)",charcol grey mid-ventral stripe; subcaudals clean,trimmed,19,19,17,divided,113,divided,32,33,21.5,14.88,1.44,397.88,344.5,53.38,0.13,11.91,11.85,11.67,11.81,5.91,37.1,4.71,2.77,4.14,2.17,1.75,1.72,4.91,2.52,4.23,1.99,1.96,1.25,1+2,1,1,0,2,8,2+3,4+5,10,1–5,4+5
Hypsiscopus murphi,Vietnam,ROM,32376,NA,charcoal grey,yellow/goal;immaculate,sharp (between DSR 3 and 4 from ventrals) (but some a tiny bit of bleeding into the light colored lateral scales),charcol grey mid-ventral stripe; a bit choppy though (not continuous); subcaudals clean,trimmed,19,19,16,divided,126,divided,37,38,14.27,9.63,1.48,398.93,355,43.93,0.11,10.83,10.94,11.05,10.94,5.47,34.37,6.61,1.95,3.88,1.42,1.61,0.7,4.02,1.85,4.44,1.42,1.86,0.64,1+2,1,1,0,2,8,2+3,4+5,10,1–5,5+6
Hypsiscopus murphi,Taiwan,UF,13229-5,NA,light greyish/purple,yellowish; very little to no pigmentation at posterior edge of scales; faint half moon on anterior part of some ventrals,gradualish/sharpish (DSR 3 from ventrals is more dark than light),charcol grey mid-ventral stripe; subcaudals clean,trimmed,19,19,15,divided,125,divided,33,33,19.29,13.93,1.38,400.63,357,43.63,0.11,13.33,13.27,13.11,13.24,6.62,41.58,4.37,2.4,4.2,1.91,2.34,0.82,3.83,2.17,4.25,1.9,1.78,0.91,1+2,1,1,0,2,8,1+2+3,4+5,10,1–5,5+6
Hypsiscopus murphi,Upper Mainland SEA,FMNH,263723,NA,greyish/purple,cream;immaculate,sharp (between DSR 3 and 4 from ventrals),charcol grey mid-ventral stripe (starting 6 subcaudals away from the vent); subcaudals clean,trimmed,19,19,16,divided,124,divided,33,33,17.17,10.81,1.59,401.35,359,42.35,0.11,12.05,12.16,12.84,12.35,12.45,12.55,3.92,3.04,3.42,1.55,1.75,0.69,3.38,1.52,3.41,1.45,1.77,0.74,1+2,1,1,0,2,8,2+3,4+5,10,1–5,5+6
Hypsiscopus murphi,Taiwan,AMNH,84480,NA,greyish/purple,light yellow/creamish; faint pigmentation at posterior edge of scales; faint half moon on anterior part of some ventrals,gradual (DSR 3 from ventrals is more dark than light),charcol grey mid-ventral stripe; subcaudals clean,trimmed,19,19,15,divided,127,divided,41,40,16.43,10.59,1.55,402.77,352,50.77,0.13,12.01,11.68,11.75,11.81,5.91,37.11,3.31,1.96,2.97,1.25,2.74,0.66,3.49,2.28,2.95,1.85,1.67,0.79,1+2,1,1,0,2,8,2+3,4+5,10,1–5,5+6
Hypsiscopus murphi,Upper Mainland SEA,NCSM,85517,Female,"light purple/grey; single, charcoal grey blotches here and there",cream; immaculate,sharp (between DSR 3 and 4 from ventrals),charcol grey mid-ventral stripe; subcaudals clean,trimmed,19,19,15,divided,122,divided,34,34,19.52,11.41,1.71,407.75,360,47.75,0.12,12.81,12.89,12.41,12.7,6.35,39.91,3.9,1.25,3.63,1.47,1.67,0.62,4.37,1.19,3.61,1.57,1.6,0.41,1+2,1,1,0,2,8,2+3,4+5,10,1–5,5+6
Hypsiscopus murphi,Vietnam,ROM,30933,female (gravid),greyish/purple,cream/yellowish; consistent halfmoon grey pigmentation at middle of anterior edge of scales; grey pigmentation along all anterior edge of scales,gradual,charcol grey mid-ventral stripe; clean(ish) with some bleeding pigmentation into subcaudauls,trimmed,19,19,17,divided,126,divided,28,29,18.4,10.26,1.79,409,365,44,0.11,14.49,14.75,14.65,14.63,7.32,45.96,4.09,2.9,3.57,1.35,1.27,0.75,4.09,2.29,3.64,1.89,1.13,0.77,1+2,1,1,0,2,8,2+3,4+5,10,1–5,5+6
Hypsiscopus murphi,Upper Mainland SEA,NCSM,85493,Female,light purple/grey,cream/yellow; immaculate,"sharp, but some blending (between DSR 3 and 4 from ventrals)",charcol grey mid-ventral stripe starting at subcaudal pair 5 from vent; subcaudals clean,trimmed,19,19,15,divided,127,divided,35,35,19.02,11.13,1.71,412.14,371,41.14,0.1,14.07,14.14,14.17,14.13,7.06,44.38,4.07,2,3.32,1.49,1.75,0.46,3.96,2.07,3.75,1.82,1.5,0.73,1+2,1,1,0,2,8,2+3,4+5,10,1–5,4+5
Hypsiscopus murphi,Upper Mainland SEA,NCSM,79037,NA,light purple/grey,cream/yellow; immaculate,sharp (between DSR 3 and 4 from ventrals),charcol grey mid-ventral stripe starting at subcaudal pair 4 from vent; subcaudals clean,trimmed,19,19,15,divided,126,divided,33,34,13.57,9.81,1.38,414.47,373,41.47,0.1,12.63,12.75,12.13,12.5,6.25,39.28,3.61,1.34,3.76,1.28,1.23,0.71,3.51,1.41,3.9,1.17,0.9,0.38,1+2,1,1,0,2,8 | 9,2+3,4+5,10,1–5,4+5
Hypsiscopus murphi,East of Red River [China],AMNH,33911,Male,olive greenish/grey; some random scales more olive green,yellow (mustard); faint pigmentation at posterior edge of scales; faint half moon on anterior part of ventrals,gradual (DSR 3 from ventrals is more dark than light),charcol grey mid-ventral stripe; subcaudals clean,trimmed,19,19,17,divided,126,divided,32,32,19.95,13.63,1.46,414.98,372.5,42.48,0.1,13.36,13.58,13.39,13.44,6.72,42.23,4.47,2.28,4.69,2.12,2.25,13.3,4.28,2.25,4.52,1.84,2.1,1.32,1+2,1,1,0,2,8,2+3,4+5,10,1–5,5+6
Hypsiscopus murphi,Taiwan,AMNH,83972,NA,greyish/purple,light yellow/creamish; faint pigmentation at posterior edge of scales; faint half moon on anterior part of some ventrals,gradual (DSR 4 from ventrals is more dark than light),charcol grey mid-ventral stripe; subcaudals clean,trimmed,19,19,17,divided,123,divided,37,36,20.38,12.31,1.66,416.47,365,51.47,0.12,13.44,13.29,13.13,13.29,6.64,41.74,3.95,2.23,3.25,1.67,1.96,0.9,3.59,1.99,3.43,1.77,1.7,0.99,1+2,1,1,0,2,8,2+3,4+5,10,1–5,5+6
Hypsiscopus murphi,Upper Mainland SEA,FMNH,250124,NA,light greyish/purple,cream;immaculate,sharp (between DSR 3 and 4 from ventrals),charcol grey mid-ventral stripe; subcaudals clean,trimmed,19,19,15,divided,126,divided,39,39,15.36,9.17,1.68,425,380,45,0.11,7.42,7.34,7.32,7.36,3.68,23.12,3.79,1.8,3.5,1,1.27,0.6,3.55,1.59,3.34,1,1.49,0.53,1+2,1,1,0,2,8,2+3,4+5,10,1–5,5+6
Hypsiscopus plumbea,Upper Mainland SEA,FMNH,263711,female?,greyish/purple,cream;immaculate,"sharp but kind of gradual anterior edge of DSR 1,2,3 have charcoal grey)",charcol grey mid-ventral stripe (starting 4 subcaudals away from the vent); subcaudals clean,trimmed,19,19,17,divided,116,divided,37,38,20.95,13.38,1.57,427.56,378,49.56,0.12,14.19,14.71,14.54,14.48,14.58,14.53,3.19,2.86,3.83,1.53,2.13,1.07,4.11,1.91,4.66,1.84,2.22,1.16,1+2,1,1,0,2,8,2+3,4,10,1–5,5+6
Hypsiscopus murphi,Taiwan,AMNH,84481,NA,greyish/purple,light yellow/creamish; faint pigmentation at posterior edge of scales; faint half moon on anterior part of some ventrals,gradual (DSR 3 from ventrals is more dark than light),charcol grey mid-ventral stripe; subcaudals clean,trimmed,19,19,17,divided,129,divided,38,40,18.33,11.38,1.61,427.58,379,48.58,0.11,13.56,13.64,13.56,13.59,6.79,42.68,4.37,2.41,3.66,1.75,2.01,1.23,4.05,2.16,3.78,1.96,1.65,1.07,1+2,1,1,0,2,8,2+3,4+5,10,1–5,5+6
Hypsiscopus murphi,Upper Mainland SEA,FMNH,262422,NA,greyish/olive; random dark grey scales ,cream;immaculate,sharp (between DSR 3 and 4 from ventrals),charcol grey mid-ventral stripe (6 subcauadls from vent; stripe is a bit scattered); subcaudals clean,trimmed,19,19,15,divided,127,divided,36,36,20.7,13.18,1.57,438.28,390,48.28,0.11,14.98,14.8,15.06,14.95,14.94,14.98,4.63,2.03,4.32,1.72,1.43,0.75,4.17,2.1,4.34,1.89,2.29,0.64,1+2,1,1,0,2,8,2+3,4+5,10,1–5,5+6
Hypsiscopus murphi,Vietnam,ROM,25638,female?,light greyish/purple,cream; very faint spot on middle of anterior edge of most ventrals; these are mor prominent and look more like halfmoons closer to the cloaca,sharpish; some bleeding of darker pigmentation into lighter pigmentation (between DSR 3 and 4 from ventrals); the transition point has some darker coloration making the appearnace of a lateral stripe on each side,charcol grey mid-ventral stripe; subcaudals clean but towards tail tip there is some bleeding,trimmed,19,19,17,divided,126,divided,34,34,17.68,11.53,1.53,442.11,395,47.11,0.11,11.89,12.04,12.05,11.99,6,37.68,4.57,2.31,4.73,1.36,2.2,1.09,4.48,2.11,4.3,1.43,1.83,0.85,1+2,1,1,0,2,8,2+3,4+5,10 | 9,1–5,5+6 | 5
Hypsiscopus plumbea,Upper Mainland SEA,FMNH,263730,male,greyish/purple,yellow;immaculate,"sharp but kind of gradual anterior edge of DSR 1,2 have charcoal grey); not as prominent, but some darker coloration on the DSR 4 makes a lateral stripe, but not as visible as Java and Sumatra specimens)",charcol grey mid-ventral stripe (starting 4 subcaudals away from the vent); subcaudals clean,trimmed,19,19,17,divided,119,divided,36,35,19.47,11.82,1.65,444.86,391,53.86,0.12,18.04,18.07,18.3,18.14,18.17,18.2,4.3,1.78,3.74,1.58,1.97,0.89,4.25,2.08,4.18,1.59,1.91,0.61,1+2,1,1,0,2,8,2+3,4 | 4+5,10,1–5,5+6
Hypsiscopus murphi,Taiwan,AMNH,83973,NA,greyish/purple,yellowish; faint pigmentation at posterior edge of scales; faint half moon on anterior part of ventrals,gradual (DSR 3 from ventrals is more dark than light),charcol grey mid-ventral stripe; subcaudals clean,trimmed,19,19,17,divided,124,divided,31,31,20.45,15.72,1.3,446.29,400,46.29,0.1,13.16,13.2,13.14,13.17,6.58,41.36,4.01,2.63,4.36,2.19,2.24,1.55,4.23,2.44,4.59,2.08,2.76,1.2,1+2,1,1,0,2,8,2+3,4+5,10,1–5,5+6
Hypsiscopus murphi,East of Red River [China],AMNH,33909,NA,greyish/purple,yellow; faint pigmentation at posterior edge of scales; faint half moon on anterior part of most ventrals,gradual (DSR 3 from ventrals is more dark than light),charcol grey mid-ventral stripe; subcaudals clean,trimmed,19,19,17,divided,126,divided,33,33,20.68,13.75,1.5,447.07,403.5,43.57,0.1,12.33,12.97,12.69,12.66,6.33,39.78,4.46,2.41,5.05,2.38,2.93,1.09,4.09,2.57,4.68,2.53,1.79,1.17,1+2,1,1,0,2,8,2+3,4+5,10,1–5,5+6
Hypsiscopus murphi,Upper Mainland SEA,FMNH,262423,NA,greyish/grey,cream;immaculate,sharp (between DSR 3 and 4 from ventrals; tiny bit of bleeding),charcol grey mid-ventral stripe; subcaudals clean,trimmed,19,19,15,divided,131,divided,37,36,20.21,13.22,1.53,447.79,400,47.79,0.11,14.57,14.51,14.14,14.41,14.35,14.3,4.63,2.13,4.01,1.54,1.45,0.75,4.41,1.75,3.38,1.71,1.34,0.7,1+2,1,1,0,2,8,2+3,4+5,10,1–5,5+6
Hypsiscopus murphi,Vietnam,ROM,30818,female (gravid),dark greyish/purple; anterior edges of scales are darker in pigmentation,cream/yellowish; consistent halfmoon grey pigmentation at middle of anterior edge of scales; grey pigmentation along all anterior edge of scales,gradual,charcol grey mid-ventral stripe; clean(ish) with some bleeding pigmentation into subcaudauls,trimmed,19,17,19,divided,125,divided,32,32,18.78,11.64,1.61,447.98,401,46.98,0.1,13.34,13.68,13.41,13.48,6.74,42.34,4.83,2.25,4.15,1.91,2.08,1.01,4.34,2.19,3.84,1.92,1.9,0.82,1+2,1,1,0,2,8,2+3,4+5,10,1–5,5+6
Hypsiscopus murphi,Vietnam,ROM,25389,NA,light greyish/purple,cream;immaculate,sharp (between DSR 3 and 4 from ventrals),charcol grey mid-ventral stripe; subcaudals clean (starts about 4 subcaudals from the vent),trimmed,19,19,17,divided,130,divided,34,34,19.56,13.27,1.47,448.49,402,46.49,0.1,11.83,11.8,11.57,11.73,5.87,36.86,4.56,2.25,4.42,1.88,1.8,0.74,4.93,2.11,4.33,1.77,1.46,0.74,1+2,1,1,0,2,8,2+3,4+5,10,1–5,5+6
Hypsiscopus plumbea,Java,FMNH,131229,NA,greyish/purple; dorsal stripe of dark grey vertebral scales down most of the specimen,cream/tan; faint pigmentation at posterior edge of scales; grey blotches at anterior edge of scales on most scales,"sharp, but some blending (between DSR 2 and 3 from ventrals); scale row 3 from ventrals are darker than surrounding rows making a lateral stripe on each side (not as obviou as the Sumatran specimen MCZ 37774)",charcol grey mid-ventral stripe; subcaudals clean,trimmed,19,19,15,divided,123,divided,36,35,18.9,10.85,1.74,449,389,60,0.13,12.55,12.56,12.62,12.58,6.29,39.51,4.9,2.12,4.38,1.42,2.31,0.65,4.71,1.66,4.36,1.71,2.11,0.48,1+2,1,1,0,2,8,2+3,4+5,10,1–5,5+6
Hypsiscopus murphi,Taiwan,UF,13227-5,Male,greyish/purple,yellowish; faint pigmentation at posterior edge of scales; faint half moon on anterior part of ventrals,gradual (DSR 3 from ventrals is more dark than light),charcol grey mid-ventral stripe; subcaudals clean,trimmed,19,19,16,divided,128,divided,37,36,20.43,14.67,1.39,457.45,407,50.45,0.11,16.17,16.11,16.06,16.11,8.06,50.62,4.77,2.01,4.79,2.48,2.76,1.14,3.75,2.22,4.5,1.86,2.53,0.64,2+2,1,2,0,2,8,1+2+3,4+5,10,1–5,5+6
Hypsiscopus murphi,Upper Mainland SEA,NCSM,76558,Female,light purple/grey,cream/yellow; immaculate,sharp (between DSR 3 and 4 from ventrals),charcol grey mid-ventral stripe; subcaudals clean,trimmed,19,19,15,divided,130,divided,36,36,19.59,12.65,1.55,468.13,419,49.13,0.1,15.01,15.36,15.29,15.22,7.61,47.82,4.57,2.17,4.82,1.52,1.93,0.86,4.91,2.06,4.66,1.48,2.02,0.53,1+2,1,1,0,2,8,2+3,4+5,10,1–5,5+6
Hypsiscopus plumbea,Upper Mainland SEA,FMNH,259224,NA,grey/purple,"cream; mostly immaculate but with some flecks of charcoal grey scattered throughout, especially before the vent (last4 ventrals)","sharp, but some blending (between DSR 2 and 3 from ventrals); scale row 3 from ventrals are darker than surrounding rows making a lateral stripe on each side",charcol grey mid-ventral stripe with some bleeding pigmentation into subcaudauls,NA,19,19,17,divided,113,divided,34,33,NA,NA,NA,471.31,412.5,58.81,0.12,19.28,19.64,19.07,19.33,9.67,60.73,NA,NA,NA,NA,NA,NA,NA,NA,NA,NA,NA,NA,NA,NA,NA,NA,NA,NA,NA,NA,NA,NA,NA
Hypsiscopus murphi,Upper Mainland SEA,FMNH,263732,NA,light grey,cream;immaculate,"sharp but kind of gradual anterior edge of DSR 1,2,3 have charcoal grey)",charcol grey mid-ventral stripe (starting 6 subcaudals away from the vent); subcaudals clean,trimmed,19,19,15,divided,125,divided,35,35,19.89,14.01,1.42,474,414,60,0.13,16.55,16.03,15.74,16.11,15.96,15.94,5.45,2.55,5.4,2.17,1.98,1.24,4.92,1.89,5.27,2.18,1.57,1,1+2,1,1,0,2,8,2+3 | 1+2+3,4+5,10,1–5,5+6
Hypsiscopus plumbea,Coastal Mainland SEA,NCSM,98995,male,"light purple/grey; single, black scales here and there",cream/yellowish; random grey half moons (1 or more) on many of the anterior (and sometimes posterior) portions of the scale edge,gradual,charcol grey mid-ventral stripe with bleeding pigmentation into subcaudauls,bearded,19,19,17,divided,115,divided,39,40,19.24,13.71,1.4,474.15,417,57.15,0.12,16.06,16.47,16.14,16.22,8.11,50.97,4.14,2.48,4.57,2.19,2.13,1.13,5.01,2.63,5,1.87,2.27,1.04,1+2,1,1,0,2,8,2+3,4+5,10,1–5,5+6
Hypsiscopus murphi,Taiwan,AMNH,84482,NA,dark greyish/purple,light yellow/creamish; faint pigmentation at posterior edge of scales; faint half moon on anterior part of some ventrals,gradual (DSR 2 from ventrals is more dark than light),charcol grey mid-ventral stripe; subcaudals clean,trimmed,19,19,15,divided,128,divided,39,40,20.24,12.22,1.66,478.9,424,54.9,0.11,14.06,14.26,13.96,14.09,7.05,44.28,4.22,2.62,3.77,2.11,1.85,0.92,4.1,2.64,4.8,2.08,2.52,1.32,1+2,1,1,0,2,8,2+3,4+5,10,1–5,5+6
Hypsiscopus plumbea,Upper Mainland SEA,FMNH,265800,NA,greyish/purple,cream;immaculate,sharp (between DSR 3 from ventrals),charcol grey mid-ventral stripe; subcaudals clean (starts about 2 subcaudals from the vent),trimmed,19,19,15,divided,127,divided,36,36,18.6,12.12,1.53,481.42,427,54.42,0.11,13.56,13.55,13.98,13.7,6.85,43.03,4.67,1.78,4.87,1.35,1.8,0.56,4.46,1.58,4.49,1.28,1.85,0.61,1+2,1,1,0,2,8,2+3 | 1+2+3,4+5,10,1–5,5+6
Hypsiscopus murphi,Vietnam,ROM,32391,NA,light greyish/purple,cream;immaculate,sharp (between DSR 3 and 4 from ventrals),charcol grey mid-ventral stripe; subcaudals clean ,trimmed,19,19,15,divided,135,divided,36,36,19.86,12.66,1.57,483.47,435,48.47,0.1,15.42,15.35,15.07,15.28,7.64,48,4.16,2.03,3.88,1.62,2,0.83,3.82,2.27,3.81,1.76,1.66,0.88,1+2,1,1,0,2,8,2+3,4+5,10,1–5,5+6
Hypsiscopus murphi,Vietnam,ROM,32373,NA,dark grey,"yellow/gold;immaculate; some dots of pigmentation on mid of ventrals midbody to posterior, but barely; this is considered immaculate",sharp (between DSR 3 and 4 from ventrals) (but some a tiny bit of bleeding into the light colored lateral scales),charcol grey mid-ventral stripe; a bit choppy though (not continuous); subcaudals clean,trimmed,19,19,17,divided,134,divided,22,22,19.35,14.1,1.37,485.74,450,35.74,0.07,16.35,16.43,16.48,16.42,8.21,51.58,5.64,2.44,5.28,2.17,2.17,1,4.83,2.22,4.78,1.75,1.24,0.54,1+2,1,1,0,2,8,2+3,4+5,10,1–5,5+6
Hypsiscopus murphi,Vietnam,ROM,32388,NA,light greyish/purple,cream;immaculate,sharp (between DSR 3 and 4 from ventrals),charcol grey mid-ventral stripe; subcaudals clean (starts about 8 subcaudals from the vent),trimmed,19,19,15,divided,131,divided,34,34,19.55,12.58,1.55,504.18,457,47.18,0.09,13.53,13.34,13.32,13.4,6.7,42.09,4.55,2.13,3.29,1.6,1.87,0.76,4.62,1.98,4.06,1.56,1.68,0.6,1+2,1,1,0,2,8,2+3,4+5,10,1–5,5+6
Hypsiscopus murphi,Upper Mainland SEA,FMNH,263727,NA,greyish/purple,cream/tan; faint pigmentation at posterior edge of scales; grey blotches at anterior edge of scales on some scales,"sharp but kind of gradual anterior edge of DSR 1,2 have charcoal grey); not as prominent, but some darker coloration on the DSR 4 makes a lateral stripe, but not as visible as Java and Sumatra specimens)",charcol grey mid-ventral stripe; subcaudals dirty,trimmed,19,19,15,divided,123,divided,32,31,22.83,14.7,1.55,504.5,459.5,45,0.09,18.52,18.5,18.59,18.54,18.54,18.56,5.49,1.91,5.39,2.05,2.24,0.69,5.48,2.07,5.22,1.79,2.41,0.88,1+2,1,1,0,2,8,2+3,4+5,10,1–5,5+6
Hypsiscopus plumbea,Upper Mainland SEA,FMNH,259223,male,very dark grey/purple,cream; mostly immaculate but with some flecks of charcoal grey scattered throughout,"sharp, but some blending (between DSR 2 and 3 from ventrals); scale row 3 from ventrals are darker than surrounding rows making a lateral stripe on each side",charcol grey mid-ventral stripe with bleeding pigmentation into subcaudauls,NA,19,19,17,divided,113,divided,44,44,NA,NA,NA,506.65,434,72.65,0.14,19.65,19.42,19.56,19.54,9.77,61.4,NA,NA,NA,NA,NA,NA,NA,NA,NA,NA,NA,NA,NA,NA,NA,NA,NA,NA,NA,NA,NA,NA,NA
Hypsiscopus murphi,Upper Mainland SEA,FMNH,259222,male,very dark grey/purple,cream;immaculate,sharp (between DSR 3 from ventrals),charcol grey mid-ventral stripe (a bit thicker than usual); subcaudals clean,trimmed? A bit more prominent though,19,19,15,divided,135,divided,38,38,18.51,13.07,1.42,510.09,458,52.09,0.1,13.48,13.44,13.32,13.41,6.71,42.14,4.46,1.98,3.47,1.57,1.46,0.74,4.31,2.12,4.01,1.54,1.27,0.58,1+2,1,1,0,2,8,2+3,4+5,10,1–5,5+6
Hypsiscopus plumbea,Coastal Mainland SEA,NCSM,98996,Female,"light purple/grey; single, black scales here and there",cream/yellowish; consistent halfmoon grey pigmentation at middle of anterior edge of scales; grey pigmentation along all anterior edge of scales,gradual,charcol grey mid-ventral stripe with bleeding pigmentation into subcaudauls,bearded,19,19,17,divided,116,divided,33,34,26.2,15.92,1.65,528.14,471,57.14,0.11,20.95,20.94,20.91,20.93,10.47,65.76,4.9,3.18,5.59,2.02,2.82,1.16,4.68,2.69,5.46,2.31,2.91,1.05,1+2,1,1,0,2,8,2+3,4+5,10,1–5,5+6
Hypsiscopus murphi,Vietnam,ROM,32374,NA,dark grey,"cream/yellow; closer to the immaculate state, but some dots of pigmentation on mid of ventrals ",sharp (between DSR 3 and 4 from ventrals) (but some a tiny bit of bleeding into the light colored lateral scales),charcol grey mid-ventral stripe; subcaudals clean but towards tail tip there is some bleeding,bearded? ,19,19,15,divided,127,divided,32,32,20.4,16.41,1.24,531.9,485,46.9,0.09,17.46,17.8,17.39,17.55,8.78,55.13,5.53,2.62,4.73,2.42,1.49,0.99,6.27,2.67,5.41,2.36,1.15,0.75,1+2,1,1,0,2,8,2+3,4+5,10,1–5,5+6
Hypsiscopus plumbea,Upper Mainland SEA,FMNH,259076,NA,dark grey/purple; scale borders a bit darker than scale interior,cream/tan; faint pigmentation at posterior and anterior edge of scales; grey blotches at anterior edge of scales on some scales,"sharp, but some blending (between DSR 2 and 3 from ventrals); scale row 3 from ventrals are darker than surrounding rows making a lateral stripe on each side",charcol grey mid-ventral stripe; subcaudals clean,trimmed? A bit more prominent though,19,19,17,divided,118,divided,35,35,23.35,17.58,1.33,536.44,475,61.44,0.11,23.68,23.24,23.22,23.38,11.69,73.45,5.42,2.07,6.24,1.96,2.42,0.54,5.21,1.86,6.13,2.13,1.89,0.94,1+2,1,1,0,2,8,2+3,4+5,10,1–5,5+6
Hypsiscopus plumbea,Upper Mainland SEA,FMNH,263708,NA,greyish/purple; has some random darker grey scales on the vertebral scales (more anteriorly),cream;immaculate,"sharp but kind of gradual anterior edge of DSR 1,2 have charcoal grey); not as prominent, but some darker coloration on the DSR 4 makes a lateral stripe, but not as visible as Java and Sumatra specimens)",charcol grey mid-ventral stripe (starting 4 subcaudals away from the vent); subcaudals clean,trimmed,19,19,17,divided,114,divided,38,38,19.96,13.99,1.43,546,472,74,0.14,15.93,15.63,15.29,15.62,15.51,15.47,5.48,2.22,5.19,1.39,1.56,0.8,5.3,1.94,4.21,1.68,1.83,0.5,1+2,1,1,0,2,8,2+3,4 | 4+5,10,1–5,5+6
Hypsiscopus plumbea,Upper Mainland SEA,FMNH,263729,NA,greyish/purple,cream; mostly immaculate but a tad of grey flecking here and there ,"sharp but kind of gradual anterior edge of DSR 1,2 have charcoal grey); not as prominent, but some darker coloration on the DSR 4 makes a lateral stripe, but not as visible as Java and Sumatra specimens)",charcol grey mid-ventral stripe (starting 4 subcaudals away from the vent); subcaudals clean,trimmed? A bit more prominent though,19,19,17,divided,116,divided,34,35,22.4,16.04,1.4,549,478,71,0.13,21.04,20.91,20.93,20.96,20.93,20.94,5.15,2.6,3.17,1.82,1.89,1.07,5.11,2.16,5.72,2.19,2.09,1.06,1+2,1,1,0,2,8,2+3,4,10,1–5,5+6
Hypsiscopus plumbea,Upper Mainland SEA,FMNH,263710,female?,"tan/brownish/purpleish (not as distinct as Sumatra and Java, but there are some dark scales near the head that make a dorsolateral stripe)",cream;immaculate,"sharp but kind of gradual anterior edge of DSR 1,2,3 have charcoal grey); not as prominent, but some darker coloration on the DSR 4 makes a lateral stripe, but not as visible as Java and Sumatra specimens)",charcol grey mid-ventral stripe (starting 4 subcaudals away from the vent); subcaudals clean,trimmed,19,19,17,divided,116,divided,36,36,23.81,16.64,1.43,550,480,70,0.13,20.66,20.82,20.6,20.69,20.7,20.67,6.01,2.07,4.08,1.87,1.9,1.04,5.45,2.46,4.77,2.09,2.03,1.04,1+2,1,1,0,2,8,2+3,4,10,1–5,5+6
Hypsiscopus plumbea,Borneo,ROM,19826,NA,"charcol grey; single, black scales here and there",cream/tan; faint pigmentation at posterior edge of scales; grey blotches at anterior edge of scales on some scales,gradual,charcol grey mid-ventral stripe with bleeding pigmentation into subcaudauls,trimmed,19,19,17,divided,120,divided,38,38,25.27,19.58,1.29,572,485,87,0.15,24.29,24.66,24.81,24.59,12.29,77.24,6.46,3.06,5.89,2.44,2.75,1.65,5.87,2.76,5.81,2.49,2.71,1.65,1+2,1,1,0,2,8,2+3,4+5,10,1–5,5+6
Hypsiscopus plumbea,Upper Mainland SEA,FMNH,257428,NA,dark grey/purple; scale borders a bit darker than scale interior; some random scales are black/charcoal grey,cream/tan; faint pigmentation at posterior edge of scales; grey blotches at anterior edge of scales on some scales,gradual (DSR 3 from ventrals is more dark than light),charcol grey mid-ventral stripe with bleeding pigmentation into subcaudauls,bearded? Not as much as the other ones but close,19,19,17,divided,122,divided,37,37,24.81,16,1.55,584,504,80,0.14,17.17,17.28,17.13,17.19,8.6,54.01,6.15,2.54,4.4,2,1.67,0.82,5.63,2.04,4.25,2.13,1.7,0.76,1+2,1,1,0,2,8,2+3,4+5,10,1–5,5+6
Hypsiscopus plumbea,Upper Mainland SEA,FMNH,252499,NA,dark grey/purple; scale borders a bit darker than scale interior,cream/tan; faint pigmentation at posterior edge of scales; grey blotches at anterior edge of scales on some scales,gradual (DSR 3 from ventrals is more dark than light),charcol grey mid-ventral stripe with bleeding pigmentation into subcaudauls,bearded,19,19,17,divided,120,divided,37,37,23.34,16.31,1.43,589.91,523,66.91,0.11,17.63,17.58,17.71,17.64,8.82,55.42,6.45,2.35,5.35,2.18,1.89,0.71,6.02,2.59,5.4,2.58,1.95,0.71,1+2,1,1,0,2,8,2+3,4+5,10,1–5,5+6
Hypsiscopus murphi,Vietnam,ROM,32381,NA,light greyish/purple,"cream/yellow; closer to the immaculate state, but some dots of pigmentation on mid of ventrals ",sharp (between DSR 3 and 4 from ventrals) (but some a tiny bit of bleeding into the light colored lateral scales),charcol grey mid-ventral stripe; subcaudals clean (starts about 4 subcaudals from the vent),trimmed,19,19,15,divided,133,divided,33,33,21.89,16.03,1.37,597,541,56,0.09,14.38,14.52,14.52,14.47,7.24,45.47,4.91,2.47,4.26,2.12,2.5,0.8,5.42,2.15,5.06,1.85,2.44,0.56,1+2,1,1,0,2,8,2+3,4+5,10,1–5,5+6
Hypsiscopus plumbea,Upper Mainland SEA,FMNH,263715,NA,very dark grey/purple,cream/tan; faint pigmentation at posterior edge of scales; grey blotches at anterior edge of scales on some scales,"sharp (between DSR 3 and 4 from ventrals; but some bleeding on anterior edge or DSR 1,2,3)",charcol grey mid-ventral stripe; subcaudals clean,trimmed? A bit more prominent though,19,20,17,divided,116,divided,30,30,25.88,19.17,1.35,602.63,541,61.63,0.1,20.22,20.25,20.45,20.31,20.34,20.36,5.56,2.34,4.32,1.93,2.35,0.99,5.56,2.36,5.12,2.26,2.5,1,1+2,1,1,0,2,8,2+3,4,10,1–5,5+6
,,,,,,,,,,,,,,,,,,,,,,,,,,,,,,,,,,,,,,,,,,,,,,,,,,,,,
Note: All bilateral characters that contain a pipe (|) are given as left | right,,,,,,,,,,,,,,,,,,,,,,,,,,,,,,,,,,,,,,,,,,,,,,,,,,,,,
